timestamp,date,bar_index,ticker,sector,regime,macro_headline,open,high,low,close,volume,ret,market_ret,sector_ret,shock_ret,has_news
2026-02-02 10:00:00,2026-02-02,0,AAPL,Tech,sideways,,77.5367,78.2468,76.0083,77.9803,3755693,0.005721,-0.004352,0.001561,0.0,0
2026-02-02 10:00:00,2026-02-02,0,TSLA,Consumer,sideways,,265.4663,270.2924,261.9456,265.3694,852079,-0.000365,-0.004352,0.000425,0.0,0
2026-02-02 10:00:00,2026-02-02,0,AMZN,Consumer,sideways,,145.2822,145.6711,143.079,144.5529,3164785,-0.00502,-0.004352,0.000425,0.0,0
2026-02-02 10:00:00,2026-02-02,0,MSFT,Tech,sideways,,114.1088,117.4755,113.6385,115.5932,718916,0.013008,-0.004352,0.001561,0.0,0
2026-02-02 10:00:00,2026-02-02,0,NVDA,Tech,sideways,,90.8855,93.3185,89.2807,91.4338,3453949,0.006033,-0.004352,0.001561,0.0,0
2026-02-02 10:00:00,2026-02-02,0,GOOGL,Tech,sideways,,59.7411,60.2554,59.239,59.2941,4208530,-0.007483,-0.004352,0.001561,0.0,0
2026-02-02 10:00:00,2026-02-02,0,META,Tech,sideways,,105.9774,107.3771,103.6912,105.4398,3722361,-0.005073,-0.004352,0.001561,0.0,0
2026-02-02 10:00:00,2026-02-02,0,NFLX,Comm,sideways,,177.7738,177.7946,170.3698,174.1429,1610771,-0.020424,-0.004352,0.000345,0.0,0
2026-02-02 10:00:00,2026-02-02,0,JPM,Financials,sideways,,88.5976,89.8001,87.4808,88.1032,4020209,-0.00558,-0.004352,-0.000376,0.0,0
2026-02-02 10:00:00,2026-02-02,0,V,Financials,sideways,,97.0296,97.5525,96.3283,96.4654,1697589,-0.005816,-0.004352,-0.000376,0.0,0
2026-02-02 10:00:00,2026-02-02,0,BAC,Financials,sideways,,97.3615,97.4721,96.5578,96.6137,3333361,-0.007681,-0.004352,-0.000376,0.0,0
2026-02-02 10:00:00,2026-02-02,0,PYPL,Financials,sideways,,116.7783,118.8288,115.4339,116.2059,3699261,-0.004901,-0.004352,-0.000376,0.0,0
2026-02-02 10:00:00,2026-02-02,0,DIS,Comm,sideways,,45.7798,46.2811,44.8782,45.5661,2350417,-0.004669,-0.004352,0.000345,0.0,0
2026-02-02 10:00:00,2026-02-02,0,T,Comm,sideways,,96.5954,97.0594,94.8733,95.8532,2656666,-0.007684,-0.004352,0.000345,0.0,0
2026-02-02 10:00:00,2026-02-02,0,PFE,Healthcare,sideways,,68.7229,69.2844,66.7758,68.0233,3944554,-0.01018,-0.004352,-0.001541,0.0,0
2026-02-02 10:00:00,2026-02-02,0,COST,Consumer,sideways,,178.8454,179.0426,178.7143,178.8705,997282,0.00014,-0.004352,0.000425,0.0,0
2026-02-02 10:00:00,2026-02-02,0,INTC,Tech,sideways,,71.9643,73.2014,71.2187,71.8915,320113,-0.001012,-0.004352,0.001561,0.0,0
2026-02-02 10:00:00,2026-02-02,0,KO,Consumer,sideways,,151.0145,153.0401,147.0964,149.7457,2109368,-0.008402,-0.004352,0.000425,0.0,0
2026-02-02 10:00:00,2026-02-02,0,TGT,Consumer,sideways,,254.2812,261.286,249.9419,251.7112,1079048,-0.010107,-0.004352,0.000425,0.0,0
2026-02-02 10:00:00,2026-02-02,0,NKE,Consumer,sideways,,92.529,92.9789,91.9405,92.3749,4112248,-0.001666,-0.004352,0.000425,0.0,0
2026-02-02 10:00:00,2026-02-02,0,SPY,Financials,sideways,,78.9751,80.2636,76.3513,78.1596,3995904,-0.010326,-0.004352,-0.000376,0.0,0
2026-02-02 10:00:00,2026-02-02,0,BA,Industrials,sideways,,122.1546,127.7239,119.5673,120.7113,1883739,-0.011815,-0.004352,0.001969,0.0,0
2026-02-02 10:00:00,2026-02-02,0,BABA,Consumer,sideways,,109.8245,111.233,109.341,109.4239,1626805,-0.003648,-0.004352,0.000425,0.0,0
2026-02-02 10:00:00,2026-02-02,0,XOM,Energy,sideways,,63.6571,64.4486,62.6581,64.2683,3123262,0.009601,-0.004352,-0.003406,0.0,0
2026-02-02 10:00:00,2026-02-02,0,WMT,Consumer,sideways,,141.6707,141.8322,137.4216,140.2649,2058715,-0.009923,-0.004352,0.000425,0.0,0
2026-02-02 10:00:00,2026-02-02,0,GE,Industrials,sideways,,333.1303,333.7354,330.1694,332.5708,768569,-0.00168,-0.004352,0.001969,0.0,0
2026-02-02 10:00:00,2026-02-02,0,CSCO,Tech,sideways,,95.3962,95.5736,95.0711,95.0744,2873863,-0.003373,-0.004352,0.001561,0.0,0
2026-02-02 10:00:00,2026-02-02,0,VZ,Comm,sideways,,98.3387,99.6842,96.4134,97.0474,3468528,-0.013132,-0.004352,0.000345,0.0,0
2026-02-02 10:00:00,2026-02-02,0,JNJ,Healthcare,sideways,,61.8856,61.9613,61.4088,61.6111,548111,-0.004436,-0.004352,-0.001541,0.0,0
2026-02-02 10:00:00,2026-02-02,0,CVX,Energy,sideways,,131.0395,132.4779,129.6073,129.8438,3611181,-0.009125,-0.004352,-0.003406,0.0,0
2026-02-02 10:00:00,2026-02-02,0,PLTR,Tech,sideways,,55.3769,55.4735,55.0249,55.3243,2208225,-0.00095,-0.004352,0.001561,0.0,0
2026-02-02 10:00:00,2026-02-02,0,SQ,Tech,sideways,,59.8109,60.0894,59.6046,59.9122,3267407,0.001694,-0.004352,0.001561,0.0,0
2026-02-02 10:00:00,2026-02-02,0,SHOP,Tech,sideways,,222.2531,223.1682,220.9285,221.5451,3965001,-0.003186,-0.004352,0.001561,0.0,0
2026-02-02 10:00:00,2026-02-02,0,SBUX,Consumer,sideways,,66.8199,67.3126,66.3514,66.7766,3345332,-0.000648,-0.004352,0.000425,0.0,0
2026-02-02 10:00:00,2026-02-02,0,SOFI,Financials,sideways,,199.2871,199.472,195.9478,199.1247,1832987,-0.000815,-0.004352,-0.000376,0.0,0
2026-02-02 10:00:00,2026-02-02,0,HOOD,Financials,sideways,,254.2701,256.2633,248.2684,252.2312,1921705,-0.008018,-0.004352,-0.000376,0.0,0
2026-02-02 10:00:00,2026-02-02,0,RBLX,Tech,sideways,,126.8023,131.6067,126.5662,127.9316,2916807,0.008905,-0.004352,0.001561,0.0,0
2026-02-02 10:00:00,2026-02-02,0,SNAP,Comm,sideways,,149.0624,150.4637,146.1051,147.3942,636455,-0.011192,-0.004352,0.000345,0.0,0
2026-02-02 10:00:00,2026-02-02,0,AMD,Tech,sideways,,321.7382,321.9646,316.7035,319.6366,1198080,-0.006532,-0.004352,0.001561,0.0,0
2026-02-02 10:00:00,2026-02-02,0,UBER,Tech,sideways,,98.6718,99.0023,98.2456,98.6324,2496587,-0.0004,-0.004352,0.001561,0.0,0
2026-02-02 10:00:00,2026-02-02,0,FDX,Industrials,sideways,,79.3483,79.5861,79.0465,79.5321,3816490,0.002316,-0.004352,0.001969,0.0,0
2026-02-02 10:00:00,2026-02-02,0,ABBV,Healthcare,sideways,,52.2334,52.7302,50.5977,51.8854,3248796,-0.006663,-0.004352,-0.001541,0.0,0
2026-02-02 10:00:00,2026-02-02,0,ETSY,Consumer,sideways,,112.4984,113.2057,112.4818,112.5371,3893940,0.000344,-0.004352,0.000425,0.0,0
2026-02-02 10:00:00,2026-02-02,0,MRNA,Healthcare,sideways,,248.0249,250.3695,243.558,246.4839,1215722,-0.006213,-0.004352,-0.001541,0.0,0
2026-02-02 10:00:00,2026-02-02,0,LMT,Industrials,sideways,,186.3781,186.7902,184.795,185.866,1357223,-0.002748,-0.004352,0.001969,0.0,0
2026-02-02 10:00:00,2026-02-02,0,GM,Consumer,sideways,,65.4869,67.2368,65.3644,65.7254,1497490,0.003642,-0.004352,0.000425,0.0,0
2026-02-02 10:00:00,2026-02-02,0,F,Consumer,sideways,,68.6859,69.0705,67.2702,69.0412,3623326,0.005173,-0.004352,0.000425,0.0,0
2026-02-02 10:00:00,2026-02-02,0,LCID,Consumer,sideways,,83.3214,84.2481,81.6367,82.8614,2312757,-0.005521,-0.004352,0.000425,0.0,0
2026-02-02 10:00:00,2026-02-02,0,CCL,Consumer,sideways,,129.1207,129.6277,127.648,128.8171,1133557,-0.002351,-0.004352,0.000425,0.0,0
2026-02-02 10:00:00,2026-02-02,0,DAL,Industrials,sideways,,98.2071,98.6632,97.1118,98.0977,3081085,-0.001114,-0.004352,0.001969,0.0,0
2026-02-02 10:00:00,2026-02-02,0,UAL,Industrials,sideways,,123.7112,125.844,121.8663,122.3718,3305458,-0.010827,-0.004352,0.001969,0.0,0
2026-02-02 10:00:00,2026-02-02,0,AAL,Industrials,sideways,,129.4386,130.6805,129.3423,129.4601,3382997,0.000166,-0.004352,0.001969,0.0,0
2026-02-02 10:00:00,2026-02-02,0,TSM,Tech,sideways,,93.2864,94.3104,92.3989,93.1048,2226821,-0.001947,-0.004352,0.001561,0.0,0
2026-02-02 10:00:00,2026-02-02,0,SONY,Tech,sideways,,107.5445,111.3888,107.4497,108.3703,842583,0.007679,-0.004352,0.001561,0.0,0
2026-02-02 10:00:00,2026-02-02,0,ET,Energy,sideways,,123.1774,125.171,122.103,122.3401,4428540,-0.006798,-0.004352,-0.003406,0.0,0
2026-02-02 10:00:00,2026-02-02,0,MRO,Energy,sideways,,104.9849,110.2994,100.2114,102.6174,1041331,-0.022551,-0.004352,-0.003406,0.0,0
2026-02-02 10:00:00,2026-02-02,0,COIN,Financials,sideways,,145.0294,146.2223,144.0399,144.6836,585309,-0.002384,-0.004352,-0.000376,0.0,0
2026-02-02 10:00:00,2026-02-02,0,RIVN,Consumer,sideways,,307.6558,311.005,302.1169,305.7946,3928867,-0.00605,-0.004352,0.000425,0.0,0
2026-02-02 10:00:00,2026-02-02,0,RIOT,Financials,sideways,,152.2593,152.5963,150.1986,151.2564,2252970,-0.006586,-0.004352,-0.000376,0.0,0
2026-02-02 10:00:00,2026-02-02,0,CPRX,Healthcare,sideways,,113.3744,118.3502,110.5961,112.4588,2715062,-0.008076,-0.004352,-0.001541,0.0,0
2026-02-02 10:00:00,2026-02-02,0,VWO,Financials,sideways,,43.4945,43.7369,43.3604,43.6511,795847,0.003599,-0.004352,-0.000376,0.0,0
2026-02-02 10:00:00,2026-02-02,0,SPYG,Financials,sideways,,136.0982,136.7134,133.978,136.1532,3483116,0.000405,-0.004352,-0.000376,0.0,0
2026-02-02 10:00:00,2026-02-02,0,NOK,Tech,sideways,,37.6874,38.9569,37.3297,37.8159,2200053,0.003407,-0.004352,0.001561,0.0,0
2026-02-02 10:00:00,2026-02-02,0,ROKU,Comm,sideways,,50.6547,50.7947,50.0941,50.6815,4833574,0.000529,-0.004352,0.000345,0.0,0
2026-02-02 10:00:00,2026-02-02,0,VIAC,Comm,sideways,,175.9239,177.0331,174.4012,175.0247,3162206,-0.005112,-0.004352,0.000345,0.0,0
2026-02-02 10:00:00,2026-02-02,0,ATVI,Tech,sideways,,162.135,163.7188,159.0067,161.8226,4413481,-0.001927,-0.004352,0.001561,0.0,0
2026-02-02 10:00:00,2026-02-02,0,BIDU,Comm,sideways,,101.244,103.8746,98.9645,100.0454,3231211,-0.011839,-0.004352,0.000345,0.0,0
2026-02-02 10:00:00,2026-02-02,0,DOCU,Tech,sideways,,42.9267,43.3975,42.6844,42.7767,3768918,-0.003493,-0.004352,0.001561,0.0,0
2026-02-02 10:00:00,2026-02-02,0,ZM,Tech,sideways,,89.6361,90.073,88.8928,89.3872,596438,-0.002777,-0.004352,0.001561,0.0,0
2026-02-02 10:00:00,2026-02-02,0,PINS,Comm,sideways,,75.6936,76.8949,75.0283,75.8954,3238673,0.002665,-0.004352,0.000345,0.0,0
2026-02-02 10:00:00,2026-02-02,0,TLRY,Healthcare,sideways,,156.0634,157.082,155.9042,156.9515,2740706,0.005691,-0.004352,-0.001541,0.0,0
2026-02-02 10:00:00,2026-02-02,0,WBA,Healthcare,sideways,,380.6011,381.2095,369.6786,377.4907,1874784,-0.008172,-0.004352,-0.001541,0.0,0
2026-02-02 10:00:00,2026-02-02,0,MGM,Consumer,sideways,,123.8798,124.1901,122.6775,123.3669,1634603,-0.004141,-0.004352,0.000425,0.0,0
2026-02-02 10:00:00,2026-02-02,0,NIO,Consumer,sideways,,71.6203,72.3866,71.0215,71.2455,2641843,-0.005234,-0.004352,0.000425,0.0,0
2026-02-02 10:00:00,2026-02-02,0,C,Financials,sideways,,57.7542,57.8438,56.6035,57.1605,1026578,-0.01028,-0.004352,-0.000376,0.0,0
2026-02-02 10:00:00,2026-02-02,0,GS,Financials,sideways,,106.6069,107.3567,104.8184,105.7511,1225881,-0.008027,-0.004352,-0.000376,0.0,0
2026-02-02 10:00:00,2026-02-02,0,WFC,Financials,sideways,,99.7596,101.0187,98.1793,98.6659,4192662,-0.010963,-0.004352,-0.000376,0.0,0
2026-02-02 10:00:00,2026-02-02,0,ADBE,Tech,sideways,,58.362,60.0682,57.6058,57.9076,3862096,-0.007786,-0.004352,0.001561,0.0,0
2026-02-02 10:00:00,2026-02-02,0,PEP,Consumer,sideways,,117.2133,117.5255,115.4299,117.0152,2496998,-0.00169,-0.004352,0.000425,0.0,0
2026-02-02 10:00:00,2026-02-02,0,UNH,Healthcare,sideways,,58.3814,59.0366,57.0448,57.9055,3999279,-0.008151,-0.004352,-0.001541,0.0,0
2026-02-02 10:00:00,2026-02-02,0,CARR,Industrials,sideways,,202.6862,207.0095,198.0971,198.775,1782080,-0.019297,-0.004352,0.001969,0.0,0
2026-02-02 10:00:00,2026-02-02,0,HCA,Healthcare,sideways,,197.2472,197.31,195.1023,197.1429,3348521,-0.000529,-0.004352,-0.001541,0.0,0
2026-02-02 10:00:00,2026-02-02,0,TWTR,Comm,sideways,,199.6595,201.9802,198.8997,199.1614,1064211,-0.002495,-0.004352,0.000345,0.0,0
2026-02-02 10:00:00,2026-02-02,0,BILI,Tech,sideways,,84.7133,86.3081,83.9717,84.0728,1983902,-0.007561,-0.004352,0.001561,0.0,0
2026-02-02 10:00:00,2026-02-02,0,SIRI,Comm,sideways,,145.9095,146.1249,143.267,144.9819,956073,-0.006357,-0.004352,0.000345,0.0,0
2026-02-02 10:00:00,2026-02-02,0,FUBO,Comm,sideways,,102.244,102.6292,102.0835,102.104,1735347,-0.001369,-0.004352,0.000345,0.0,0
2026-02-02 10:00:00,2026-02-02,0,RKT,Financials,sideways,,88.7793,89.2933,87.1512,88.0731,1531116,-0.007955,-0.004352,-0.000376,0.0,0
2026-02-02 11:00:00,2026-02-02,1,AAPL,Tech,sideways,,77.9803,80.2097,76.9637,77.5433,3640240,-0.005604,-0.003457,-0.000952,0.0,0
2026-02-02 11:00:00,2026-02-02,1,TSLA,Consumer,sideways,,265.3694,269.0924,261.1355,263.7678,739656,-0.006035,-0.003457,-0.001924,0.0,0
2026-02-02 11:00:00,2026-02-02,1,AMZN,Consumer,sideways,,144.5529,146.9755,143.1306,143.4962,3400575,-0.00731,-0.003457,-0.001924,0.0,0
2026-02-02 11:00:00,2026-02-02,1,MSFT,Tech,sideways,,115.5932,117.4773,115.2787,116.2689,590420,0.005846,-0.003457,-0.000952,0.0,0
2026-02-02 11:00:00,2026-02-02,1,NVDA,Tech,sideways,,91.4338,91.5813,90.1076,90.6702,3266257,-0.008352,-0.003457,-0.000952,0.0,0
2026-02-02 11:00:00,2026-02-02,1,GOOGL,Tech,sideways,,59.2941,59.8319,58.084,58.113,4715784,-0.019919,-0.003457,-0.000952,0.0,0
2026-02-02 11:00:00,2026-02-02,1,META,Tech,sideways,,105.4398,106.2736,104.0784,105.2053,3105614,-0.002224,-0.003457,-0.000952,0.0,0
2026-02-02 11:00:00,2026-02-02,1,NFLX,Comm,sideways,,174.1429,174.9696,173.8056,174.4133,1428422,0.001553,-0.003457,-0.002841,0.0,0
2026-02-02 11:00:00,2026-02-02,1,JPM,Financials,sideways,,88.1032,88.3758,87.3597,87.7988,4111405,-0.003455,-0.003457,-5.8e-05,0.0,0
2026-02-02 11:00:00,2026-02-02,1,V,Financials,sideways,,96.4654,96.5454,96.0167,96.1041,1354357,-0.003745,-0.003457,-5.8e-05,0.0,0
2026-02-02 11:00:00,2026-02-02,1,BAC,Financials,sideways,,96.6137,97.0387,96.3438,96.4495,3297878,-0.001699,-0.003457,-5.8e-05,0.0,0
2026-02-02 11:00:00,2026-02-02,1,PYPL,Financials,sideways,,116.2059,117.1933,114.8134,115.867,3417167,-0.002916,-0.003457,-5.8e-05,0.0,0
2026-02-02 11:00:00,2026-02-02,1,DIS,Comm,sideways,,45.5661,45.9028,45.2954,45.3502,1970522,-0.004739,-0.003457,-0.002841,0.0,0
2026-02-02 11:00:00,2026-02-02,1,T,Comm,sideways,,95.8532,97.3194,94.8895,94.9569,3301172,-0.009351,-0.003457,-0.002841,0.0,0
2026-02-02 11:00:00,2026-02-02,1,PFE,Healthcare,sideways,,68.0233,68.3689,66.4558,67.3647,3997865,-0.009682,-0.003457,-0.004128,0.0,0
2026-02-02 11:00:00,2026-02-02,1,COST,Consumer,sideways,,178.8705,182.6975,176.1,177.7037,942813,-0.006523,-0.003457,-0.001924,0.0,0
2026-02-02 11:00:00,2026-02-02,1,INTC,Tech,sideways,,71.8915,72.7372,71.2937,71.6656,423572,-0.003142,-0.003457,-0.000952,0.0,0
2026-02-02 11:00:00,2026-02-02,1,KO,Consumer,sideways,,149.7457,149.945,148.0769,149.3307,2146703,-0.002771,-0.003457,-0.001924,0.0,0
2026-02-02 11:00:00,2026-02-02,1,TGT,Consumer,sideways,,251.7112,256.5737,244.1636,249.685,919260,-0.00805,-0.003457,-0.001924,0.0,0
2026-02-02 11:00:00,2026-02-02,1,NKE,Consumer,sideways,,92.3749,93.0502,91.0806,91.9412,4011364,-0.004695,-0.003457,-0.001924,0.0,0
2026-02-02 11:00:00,2026-02-02,1,SPY,Financials,sideways,,78.1596,78.5942,77.9738,78.2563,3508625,0.001238,-0.003457,-5.8e-05,0.0,0
2026-02-02 11:00:00,2026-02-02,1,BA,Industrials,sideways,,120.7113,120.8837,119.5131,119.5891,1802525,-0.009297,-0.003457,-0.001882,0.0,0
2026-02-02 11:00:00,2026-02-02,1,BABA,Consumer,sideways,,109.4239,110.1221,108.2928,109.8477,1564729,0.003873,-0.003457,-0.001924,0.0,0
2026-02-02 11:00:00,2026-02-02,1,XOM,Energy,sideways,,64.2683,66.7927,62.8326,65.3034,3307020,0.016105,-0.003457,-0.000935,0.0,0
2026-02-02 11:00:00,2026-02-02,1,WMT,Consumer,sideways,,140.2649,146.2563,137.8835,141.4137,1937504,0.008191,-0.003457,-0.001924,0.0,0
2026-02-02 11:00:00,2026-02-02,1,GE,Industrials,sideways,,332.5708,333.2779,331.1078,333.0498,592768,0.00144,-0.003457,-0.001882,0.0,0
2026-02-02 11:00:00,2026-02-02,1,CSCO,Tech,sideways,,95.0744,96.5497,94.7064,95.2355,3388351,0.001694,-0.003457,-0.000952,0.0,0
2026-02-02 11:00:00,2026-02-02,1,VZ,Comm,sideways,,97.0474,98.3253,95.8896,96.4238,3833054,-0.006425,-0.003457,-0.002841,0.0,0
2026-02-02 11:00:00,2026-02-02,1,JNJ,Healthcare,sideways,,61.6111,61.6319,60.6806,61.0638,551866,-0.008884,-0.003457,-0.004128,0.0,0
2026-02-02 11:00:00,2026-02-02,1,CVX,Energy,sideways,,129.8438,130.556,129.6554,130.5195,3852005,0.005204,-0.003457,-0.000935,0.0,0
2026-02-02 11:00:00,2026-02-02,1,PLTR,Tech,sideways,,55.3243,55.5694,54.817,54.9777,2263583,-0.006266,-0.003457,-0.000952,0.0,0
2026-02-02 11:00:00,2026-02-02,1,SQ,Tech,sideways,,59.9122,60.6538,59.4529,60.2539,3421082,0.005702,-0.003457,-0.000952,0.0,0
2026-02-02 11:00:00,2026-02-02,1,SHOP,Tech,sideways,,221.5451,222.0612,218.5523,221.0257,4210597,-0.002345,-0.003457,-0.000952,0.0,0
2026-02-02 11:00:00,2026-02-02,1,SBUX,Consumer,sideways,,66.7766,67.1143,66.6119,66.8287,2905789,0.000781,-0.003457,-0.001924,0.0,0
2026-02-02 11:00:00,2026-02-02,1,SOFI,Financials,sideways,,199.1247,199.6818,194.8273,198.3334,1488887,-0.003974,-0.003457,-5.8e-05,0.0,0
2026-02-02 11:00:00,2026-02-02,1,HOOD,Financials,sideways,,252.2312,253.2275,250.8123,251.7923,1532406,-0.00174,-0.003457,-5.8e-05,0.0,0
2026-02-02 11:00:00,2026-02-02,1,RBLX,Tech,sideways,,127.9316,133.2756,122.8982,126.1099,3643183,-0.014239,-0.003457,-0.000952,0.0,0
2026-02-02 11:00:00,2026-02-02,1,SNAP,Comm,sideways,,147.3942,151.8751,145.484,148.7483,593290,0.009187,-0.003457,-0.002841,0.0,0
2026-02-02 11:00:00,2026-02-02,1,AMD,Tech,sideways,,319.6366,319.85,315.9335,317.952,1398377,-0.00527,-0.003457,-0.000952,0.0,0
2026-02-02 11:00:00,2026-02-02,1,UBER,Tech,sideways,,98.6324,99.8693,97.6688,98.4085,2595837,-0.00227,-0.003457,-0.000952,0.0,0
2026-02-02 11:00:00,2026-02-02,1,FDX,Industrials,sideways,,79.5321,81.7169,76.6236,79.0986,4136855,-0.00545,-0.003457,-0.001882,0.0,0
2026-02-02 11:00:00,2026-02-02,1,ABBV,Healthcare,sideways,,51.8854,52.2783,51.4767,51.6079,3684394,-0.005348,-0.003457,-0.004128,0.0,0
2026-02-02 11:00:00,2026-02-02,1,ETSY,Consumer,sideways,,112.5371,118.1386,109.0209,114.4466,3769262,0.016968,-0.003457,-0.001924,0.0,0
2026-02-02 11:00:00,2026-02-02,1,MRNA,Healthcare,sideways,,246.4839,250.766,243.8373,247.6018,1229137,0.004535,-0.003457,-0.004128,0.0,0
2026-02-02 11:00:00,2026-02-02,1,LMT,Industrials,sideways,,185.866,188.4395,180.9574,184.4993,1299355,-0.007353,-0.003457,-0.001882,0.0,0
2026-02-02 11:00:00,2026-02-02,1,GM,Consumer,sideways,,65.7254,66.2327,65.4223,65.8353,1314508,0.001672,-0.003457,-0.001924,0.0,0
2026-02-02 11:00:00,2026-02-02,1,F,Consumer,sideways,,69.0412,70.4123,66.3281,68.1304,3444014,-0.013191,-0.003457,-0.001924,0.0,0
2026-02-02 11:00:00,2026-02-02,1,LCID,Consumer,sideways,,82.8614,84.8223,80.5662,82.3561,2257322,-0.006099,-0.003457,-0.001924,0.0,0
2026-02-02 11:00:00,2026-02-02,1,CCL,Consumer,sideways,,128.8171,129.0988,127.8794,128.0844,1106967,-0.005688,-0.003457,-0.001924,0.0,0
2026-02-02 11:00:00,2026-02-02,1,DAL,Industrials,sideways,,98.0977,100.8484,98.0976,98.3813,3303711,0.00289,-0.003457,-0.001882,0.0,0
2026-02-02 11:00:00,2026-02-02,1,UAL,Industrials,sideways,,122.3718,123.7031,121.0324,121.9651,3127189,-0.003324,-0.003457,-0.001882,0.0,0
2026-02-02 11:00:00,2026-02-02,1,AAL,Industrials,sideways,,129.4601,134.9804,121.9932,128.1805,4127859,-0.009885,-0.003457,-0.001882,0.0,0
2026-02-02 11:00:00,2026-02-02,1,TSM,Tech,sideways,,93.1048,97.0904,92.481,94.8371,3144935,0.018606,-0.003457,-0.000952,0.0,0
2026-02-02 11:00:00,2026-02-02,1,SONY,Tech,sideways,,108.3703,109.0752,106.7993,107.7473,766992,-0.005749,-0.003457,-0.000952,0.0,0
2026-02-02 11:00:00,2026-02-02,1,ET,Energy,sideways,,122.3401,122.4867,118.0553,120.6634,3638076,-0.013705,-0.003457,-0.000935,0.0,0
2026-02-02 11:00:00,2026-02-02,1,MRO,Energy,sideways,,102.6174,103.215,102.0926,102.5138,1034765,-0.00101,-0.003457,-0.000935,0.0,0
2026-02-02 11:00:00,2026-02-02,1,COIN,Financials,sideways,,144.6836,146.63,140.9928,143.755,525508,-0.006418,-0.003457,-5.8e-05,0.0,0
2026-02-02 11:00:00,2026-02-02,1,RIVN,Consumer,sideways,,305.7946,307.6186,301.0031,303.5088,3564388,-0.007475,-0.003457,-0.001924,0.0,0
2026-02-02 11:00:00,2026-02-02,1,RIOT,Financials,sideways,,151.2564,151.7915,149.4576,151.0107,2057187,-0.001625,-0.003457,-5.8e-05,0.0,0
2026-02-02 11:00:00,2026-02-02,1,CPRX,Healthcare,sideways,,112.4588,114.3914,110.4901,111.6636,3311332,-0.007071,-0.003457,-0.004128,0.0,0
2026-02-02 11:00:00,2026-02-02,1,VWO,Financials,sideways,,43.6511,43.9244,43.6495,43.8072,777105,0.003578,-0.003457,-5.8e-05,0.0,0
2026-02-02 11:00:00,2026-02-02,1,SPYG,Financials,sideways,,136.1532,137.2158,135.474,136.9473,3602441,0.005832,-0.003457,-5.8e-05,0.0,0
2026-02-02 11:00:00,2026-02-02,1,NOK,Tech,sideways,,37.8159,37.8703,36.2858,37.2547,1895159,-0.014838,-0.003457,-0.000952,0.0,0
2026-02-02 11:00:00,2026-02-02,1,ROKU,Comm,sideways,,50.6815,51.8126,50.5846,51.1297,4767634,0.008845,-0.003457,-0.002841,0.0,0
2026-02-02 11:00:00,2026-02-02,1,VIAC,Comm,sideways,,175.0247,175.4493,174.3266,175.0325,2823731,4.5e-05,-0.003457,-0.002841,0.0,0
2026-02-02 11:00:00,2026-02-02,1,ATVI,Tech,sideways,,161.8226,161.876,160.5537,161.7407,3935650,-0.000507,-0.003457,-0.000952,0.0,0
2026-02-02 11:00:00,2026-02-02,1,BIDU,Comm,sideways,,100.0454,100.6741,99.5911,99.8559,3072270,-0.001894,-0.003457,-0.002841,0.0,0
2026-02-02 11:00:00,2026-02-02,1,DOCU,Tech,sideways,,42.7767,43.1403,42.7226,42.7895,4106692,0.000298,-0.003457,-0.000952,0.0,0
2026-02-02 11:00:00,2026-02-02,1,ZM,Tech,sideways,,89.3872,89.4645,88.7166,88.7229,652840,-0.007432,-0.003457,-0.000952,0.0,0
2026-02-02 11:00:00,2026-02-02,1,PINS,Comm,sideways,,75.8954,76.4316,75.2398,75.5818,3945072,-0.004131,-0.003457,-0.002841,0.0,0
2026-02-02 11:00:00,2026-02-02,1,TLRY,Healthcare,sideways,,156.9515,157.9648,155.4837,157.1751,2613406,0.001425,-0.003457,-0.004128,0.0,0
2026-02-02 11:00:00,2026-02-02,1,WBA,Healthcare,sideways,,377.4907,380.8927,376.3584,379.9392,2254485,0.006486,-0.003457,-0.004128,0.0,0
2026-02-02 11:00:00,2026-02-02,1,MGM,Consumer,sideways,,123.3669,123.96,122.6057,123.0169,1805054,-0.002837,-0.003457,-0.001924,0.0,0
2026-02-02 11:00:00,2026-02-02,1,NIO,Consumer,sideways,,71.2455,72.5526,70.2633,70.293,3548992,-0.01337,-0.003457,-0.001924,0.0,0
2026-02-02 11:00:00,2026-02-02,1,C,Financials,sideways,,57.1605,57.2993,56.2737,56.8799,1176756,-0.004909,-0.003457,-5.8e-05,0.0,0
2026-02-02 11:00:00,2026-02-02,1,GS,Financials,sideways,,105.7511,106.412,103.2878,105.1884,1068449,-0.005321,-0.003457,-5.8e-05,0.0,0
2026-02-02 11:00:00,2026-02-02,1,WFC,Financials,sideways,,98.6659,100.4531,96.5214,97.9784,3677365,-0.006968,-0.003457,-5.8e-05,0.0,0
2026-02-02 11:00:00,2026-02-02,1,ADBE,Tech,sideways,,57.9076,58.5884,55.953,57.2508,4102905,-0.011341,-0.003457,-0.000952,0.0,0
2026-02-02 11:00:00,2026-02-02,1,PEP,Consumer,sideways,,117.0152,117.4641,115.2886,116.2917,3145650,-0.006183,-0.003457,-0.001924,0.0,0
2026-02-02 11:00:00,2026-02-02,1,UNH,Healthcare,sideways,,57.9055,58.3067,57.6139,57.8084,3837436,-0.001678,-0.003457,-0.004128,0.0,0
2026-02-02 11:00:00,2026-02-02,1,CARR,Industrials,sideways,,198.775,199.6534,196.3003,198.3856,1611082,-0.001959,-0.003457,-0.001882,0.0,0
2026-02-02 11:00:00,2026-02-02,1,HCA,Healthcare,sideways,,197.1429,199.7206,196.5907,198.0358,3497752,0.00453,-0.003457,-0.004128,0.0,0
2026-02-02 11:00:00,2026-02-02,1,TWTR,Comm,sideways,,199.1614,203.788,197.1311,198.398,1067587,-0.003833,-0.003457,-0.002841,0.0,0
2026-02-02 11:00:00,2026-02-02,1,BILI,Tech,sideways,,84.0728,84.7453,83.5322,83.8048,2331608,-0.003187,-0.003457,-0.000952,0.0,0
2026-02-02 11:00:00,2026-02-02,1,SIRI,Comm,sideways,,144.9819,148.492,142.9724,143.6427,899062,-0.009237,-0.003457,-0.002841,0.0,0
2026-02-02 11:00:00,2026-02-02,1,FUBO,Comm,sideways,,102.104,102.3619,101.4779,101.9657,1620834,-0.001354,-0.003457,-0.002841,0.0,0
2026-02-02 11:00:00,2026-02-02,1,RKT,Financials,sideways,,88.0731,88.3612,87.4969,87.5779,1912294,-0.005622,-0.003457,-5.8e-05,0.0,0
2026-02-02 12:00:00,2026-02-02,2,AAPL,Tech,sideways,,77.5433,78.4785,76.0098,77.8389,3960292,0.003812,-0.002128,0.00272,0.0,0
2026-02-02 12:00:00,2026-02-02,2,TSLA,Consumer,sideways,,263.7678,267.344,255.7908,266.4501,933460,0.010169,-0.002128,-0.000249,0.0,0
2026-02-02 12:00:00,2026-02-02,2,AMZN,Consumer,sideways,,143.4962,144.7335,142.3072,143.9132,2951264,0.002906,-0.002128,-0.000249,0.0,0
2026-02-02 12:00:00,2026-02-02,2,MSFT,Tech,sideways,,116.2689,117.6631,115.7669,117.4036,712148,0.00976,-0.002128,0.00272,0.0,0
2026-02-02 12:00:00,2026-02-02,2,NVDA,Tech,sideways,,90.6702,90.7142,88.0925,90.2539,3345599,-0.004591,-0.002128,0.00272,0.0,0
2026-02-02 12:00:00,2026-02-02,2,GOOGL,Tech,sideways,,58.113,58.3348,56.6043,57.5911,4046502,-0.008981,-0.002128,0.00272,0.0,0
2026-02-02 12:00:00,2026-02-02,2,META,Tech,sideways,,105.2053,107.3766,102.9479,104.1186,3543221,-0.010329,-0.002128,0.00272,0.0,0
2026-02-02 12:00:00,2026-02-02,2,NFLX,Comm,sideways,,174.4133,179.8881,168.0017,169.554,1453337,-0.027861,-0.002128,0.000646,0.0,0
2026-02-02 12:00:00,2026-02-02,2,JPM,Financials,sideways,,87.7988,88.34,87.1361,87.6837,3824753,-0.001311,-0.002128,-0.000103,0.0,0
2026-02-02 12:00:00,2026-02-02,2,V,Financials,sideways,,96.1041,96.9541,95.4064,95.869,1538466,-0.002446,-0.002128,-0.000103,0.0,0
2026-02-02 12:00:00,2026-02-02,2,BAC,Financials,sideways,,96.4495,96.693,96.1249,96.5142,3802604,0.000671,-0.002128,-0.000103,0.0,0
2026-02-02 12:00:00,2026-02-02,2,PYPL,Financials,sideways,,115.867,116.1368,114.6429,115.4941,3635141,-0.003219,-0.002128,-0.000103,0.0,0
2026-02-02 12:00:00,2026-02-02,2,DIS,Comm,sideways,,45.3502,45.9773,45.0749,45.1046,2178926,-0.005415,-0.002128,0.000646,0.0,0
2026-02-02 12:00:00,2026-02-02,2,T,Comm,sideways,,94.9569,95.4722,92.4289,94.3645,3325192,-0.006238,-0.002128,0.000646,0.0,0
2026-02-02 12:00:00,2026-02-02,2,PFE,Healthcare,sideways,,67.3647,67.5847,66.3126,67.3708,3846172,9.1e-05,-0.002128,0.00249,0.0,0
2026-02-02 12:00:00,2026-02-02,2,COST,Consumer,sideways,,177.7037,177.8228,177.4853,177.6649,1097243,-0.000218,-0.002128,-0.000249,0.0,0
2026-02-02 12:00:00,2026-02-02,2,INTC,Tech,sideways,,71.6656,73.1058,70.8211,71.1858,403586,-0.006695,-0.002128,0.00272,0.0,0
2026-02-02 12:00:00,2026-02-02,2,KO,Consumer,sideways,,149.3307,150.1453,147.6161,148.4906,1918792,-0.005626,-0.002128,-0.000249,0.0,0
2026-02-02 12:00:00,2026-02-02,2,TGT,Consumer,sideways,,249.685,255.858,248.7427,250.4567,1134651,0.003091,-0.002128,-0.000249,0.0,0
2026-02-02 12:00:00,2026-02-02,2,NKE,Consumer,sideways,,91.9412,92.2105,90.5899,91.3006,4425337,-0.006967,-0.002128,-0.000249,0.0,0
2026-02-02 12:00:00,2026-02-02,2,SPY,Financials,sideways,,78.2563,80.7176,76.9295,79.1372,3842545,0.011257,-0.002128,-0.000103,0.0,0
2026-02-02 12:00:00,2026-02-02,2,BA,Industrials,sideways,,119.5891,121.2008,118.7371,119.621,1605908,0.000267,-0.002128,0.001418,0.0,0
2026-02-02 12:00:00,2026-02-02,2,BABA,Consumer,sideways,,109.8477,113.8519,104.5535,111.7541,1826374,0.017355,-0.002128,-0.000249,0.0,0
2026-02-02 12:00:00,2026-02-02,2,XOM,Energy,sideways,,65.3034,68.7249,65.2691,66.1819,3042340,0.013454,-0.002128,0.001757,0.0,0
2026-02-02 12:00:00,2026-02-02,2,WMT,Consumer,sideways,,141.4137,148.6057,138.2858,138.6668,2691053,-0.019425,-0.002128,-0.000249,0.0,0
2026-02-02 12:00:00,2026-02-02,2,GE,Industrials,sideways,,333.0498,339.9188,327.6565,332.2622,686855,-0.002365,-0.002128,0.001418,0.0,0
2026-02-02 12:00:00,2026-02-02,2,CSCO,Tech,sideways,,95.2355,95.4594,94.3952,94.9987,2846239,-0.002487,-0.002128,0.00272,0.0,0
2026-02-02 12:00:00,2026-02-02,2,VZ,Comm,sideways,,96.4238,96.6463,92.3235,95.3815,3839246,-0.01081,-0.002128,0.000646,0.0,0
2026-02-02 12:00:00,2026-02-02,2,JNJ,Healthcare,sideways,,61.0638,61.5424,60.3311,60.8439,513185,-0.003601,-0.002128,0.00249,0.0,0
2026-02-02 12:00:00,2026-02-02,2,CVX,Energy,sideways,,130.5195,132.2142,129.2807,130.9512,3111935,0.003307,-0.002128,0.001757,0.0,0
2026-02-02 12:00:00,2026-02-02,2,PLTR,Tech,sideways,,54.9777,55.3353,54.5074,55.1181,2350344,0.002555,-0.002128,0.00272,0.0,0
2026-02-02 12:00:00,2026-02-02,2,SQ,Tech,sideways,,60.2539,60.9898,56.973,59.3044,3449170,-0.015758,-0.002128,0.00272,0.0,0
2026-02-02 12:00:00,2026-02-02,2,SHOP,Tech,sideways,,221.0257,221.4294,219.9852,221.0973,3734876,0.000324,-0.002128,0.00272,0.0,0
2026-02-02 12:00:00,2026-02-02,2,SBUX,Consumer,sideways,,66.8287,67.8249,66.3943,66.9528,2635531,0.001856,-0.002128,-0.000249,0.0,0
2026-02-02 12:00:00,2026-02-02,2,SOFI,Financials,sideways,,198.3334,203.2321,194.215,196.3374,1617600,-0.010064,-0.002128,-0.000103,0.0,0
2026-02-02 12:00:00,2026-02-02,2,HOOD,Financials,sideways,,251.7923,254.4423,251.4918,252.6017,1713799,0.003214,-0.002128,-0.000103,0.0,0
2026-02-02 12:00:00,2026-02-02,2,RBLX,Tech,sideways,,126.1099,128.0395,123.171,124.4789,3797315,-0.012933,-0.002128,0.00272,0.0,0
2026-02-02 12:00:00,2026-02-02,2,SNAP,Comm,sideways,,148.7483,152.7801,147.2854,148.5118,573518,-0.00159,-0.002128,0.000646,0.0,0
2026-02-02 12:00:00,2026-02-02,2,AMD,Tech,sideways,,317.952,323.0576,312.4078,316.0088,1185791,-0.006112,-0.002128,0.00272,0.0,0
2026-02-02 12:00:00,2026-02-02,2,UBER,Tech,sideways,,98.4085,99.2077,96.085,97.2513,2426066,-0.011759,-0.002128,0.00272,0.0,0
2026-02-02 12:00:00,2026-02-02,2,FDX,Industrials,sideways,,79.0986,80.167,78.0193,79.4767,4028874,0.004779,-0.002128,0.001418,0.0,0
2026-02-02 12:00:00,2026-02-02,2,ABBV,Healthcare,sideways,,51.6079,52.4544,51.3672,51.695,2859087,0.001688,-0.002128,0.00249,0.0,0
2026-02-02 12:00:00,2026-02-02,2,ETSY,Consumer,sideways,,114.4466,116.4844,111.1582,113.3927,4147260,-0.009209,-0.002128,-0.000249,0.0,0
2026-02-02 12:00:00,2026-02-02,2,MRNA,Healthcare,sideways,,247.6018,250.7764,246.765,249.0755,1160924,0.005952,-0.002128,0.00249,0.0,0
2026-02-02 12:00:00,2026-02-02,2,LMT,Industrials,sideways,,184.4993,186.139,183.8022,184.5735,1503615,0.000402,-0.002128,0.001418,0.0,0
2026-02-02 12:00:00,2026-02-02,2,GM,Consumer,sideways,,65.8353,68.1164,64.9087,66.0605,1258891,0.00342,-0.002128,-0.000249,0.0,0
2026-02-02 12:00:00,2026-02-02,2,F,Consumer,sideways,,68.1304,68.6462,67.3418,68.1743,3614578,0.000644,-0.002128,-0.000249,0.0,0
2026-02-02 12:00:00,2026-02-02,2,LCID,Consumer,sideways,,82.3561,83.3739,80.6998,81.6215,2555868,-0.008919,-0.002128,-0.000249,0.0,0
2026-02-02 12:00:00,2026-02-02,2,CCL,Consumer,sideways,,128.0844,128.8493,126.9302,127.998,1246793,-0.000674,-0.002128,-0.000249,0.0,0
2026-02-02 12:00:00,2026-02-02,2,DAL,Industrials,sideways,,98.3813,98.5074,97.1183,97.8895,3570649,-0.004998,-0.002128,0.001418,0.0,0
2026-02-02 12:00:00,2026-02-02,2,UAL,Industrials,sideways,,121.9651,127.0978,119.0349,122.4545,3230633,0.004013,-0.002128,0.001418,0.0,0
2026-02-02 12:00:00,2026-02-02,2,AAL,Industrials,sideways,,128.1805,130.3598,126.065,127.9412,4244842,-0.001867,-0.002128,0.001418,0.0,0
2026-02-02 12:00:00,2026-02-02,2,TSM,Tech,sideways,,94.8371,95.3721,94.406,94.5526,2552435,-0.002999,-0.002128,0.00272,0.0,0
2026-02-02 12:00:00,2026-02-02,2,SONY,Tech,sideways,,107.7473,108.7711,105.7852,107.2471,861461,-0.004643,-0.002128,0.00272,0.0,0
2026-02-02 12:00:00,2026-02-02,2,ET,Energy,sideways,,120.6634,120.6891,113.3901,117.8646,4246689,-0.023195,-0.002128,0.001757,0.0,0
2026-02-02 12:00:00,2026-02-02,2,MRO,Energy,sideways,,102.5138,105.1875,97.6672,101.2554,956671,-0.012275,-0.002128,0.001757,0.0,0
2026-02-02 12:00:00,2026-02-02,2,COIN,Financials,sideways,,143.755,145.4579,143.6388,143.9106,518958,0.001083,-0.002128,-0.000103,0.0,0
2026-02-02 12:00:00,2026-02-02,2,RIVN,Consumer,sideways,,303.5088,303.6114,302.5079,302.7441,3192649,-0.002519,-0.002128,-0.000249,0.0,0
2026-02-02 12:00:00,2026-02-02,2,RIOT,Financials,sideways,,151.0107,152.0231,150.1695,150.5953,2101497,-0.002751,-0.002128,-0.000103,0.0,0
2026-02-02 12:00:00,2026-02-02,2,CPRX,Healthcare,sideways,,111.6636,112.3665,111.5663,111.5914,2981409,-0.000647,-0.002128,0.00249,0.0,0
2026-02-02 12:00:00,2026-02-02,2,VWO,Financials,sideways,,43.8072,43.975,43.7123,43.8535,801061,0.001057,-0.002128,-0.000103,0.0,0
2026-02-02 12:00:00,2026-02-02,2,SPYG,Financials,sideways,,136.9473,139.8561,135.7802,136.6912,3380145,-0.00187,-0.002128,-0.000103,0.0,0
2026-02-02 12:00:00,2026-02-02,2,NOK,Tech,sideways,,37.2547,37.8933,37.2122,37.3927,1820827,0.003704,-0.002128,0.00272,0.0,0
2026-02-02 12:00:00,2026-02-02,2,ROKU,Comm,sideways,,51.1297,51.2563,50.8162,51.0117,4675610,-0.002308,-0.002128,0.000646,0.0,0
2026-02-02 12:00:00,2026-02-02,2,VIAC,Comm,sideways,,175.0325,175.1554,173.363,174.7305,2469287,-0.001725,-0.002128,0.000646,0.0,0
2026-02-02 12:00:00,2026-02-02,2,ATVI,Tech,sideways,,161.7407,163.7104,160.344,161.3867,4161170,-0.002188,-0.002128,0.00272,0.0,0
2026-02-02 12:00:00,2026-02-02,2,BIDU,Comm,sideways,,99.8559,100.2887,99.0186,99.3393,3326158,-0.005174,-0.002128,0.000646,0.0,0
2026-02-02 12:00:00,2026-02-02,2,DOCU,Tech,sideways,,42.7895,43.1301,42.2579,42.6233,4276276,-0.003884,-0.002128,0.00272,0.0,0
2026-02-02 12:00:00,2026-02-02,2,ZM,Tech,sideways,,88.7229,89.4817,88.6374,88.8598,649019,0.001543,-0.002128,0.00272,0.0,0
2026-02-02 12:00:00,2026-02-02,2,PINS,Comm,sideways,,75.5818,76.2167,75.3684,75.4932,3361721,-0.001173,-0.002128,0.000646,0.0,0
2026-02-02 12:00:00,2026-02-02,2,TLRY,Healthcare,sideways,,157.1751,159.8189,155.0604,155.8349,3295282,-0.008527,-0.002128,0.00249,0.0,0
2026-02-02 12:00:00,2026-02-02,2,WBA,Healthcare,sideways,,379.9392,384.6415,377.5651,379.666,2102203,-0.000719,-0.002128,0.00249,0.0,0
2026-02-02 12:00:00,2026-02-02,2,MGM,Consumer,sideways,,123.0169,123.864,118.711,122.2101,1454257,-0.006559,-0.002128,-0.000249,0.0,0
2026-02-02 12:00:00,2026-02-02,2,NIO,Consumer,sideways,,70.293,70.428,69.3961,69.9282,2539192,-0.005189,-0.002128,-0.000249,0.0,0
2026-02-02 12:00:00,2026-02-02,2,C,Financials,sideways,,56.8799,57.6084,56.6675,56.8066,1071330,-0.00129,-0.002128,-0.000103,0.0,0
2026-02-02 12:00:00,2026-02-02,2,GS,Financials,sideways,,105.1884,105.245,104.6704,104.8692,1203328,-0.003035,-0.002128,-0.000103,0.0,0
2026-02-02 12:00:00,2026-02-02,2,WFC,Financials,sideways,,97.9784,98.3567,97.3976,97.6171,3488731,-0.003688,-0.002128,-0.000103,0.0,0
2026-02-02 12:00:00,2026-02-02,2,ADBE,Tech,sideways,,57.2508,57.9462,56.6431,56.8587,3907293,-0.006849,-0.002128,0.00272,0.0,0
2026-02-02 12:00:00,2026-02-02,2,PEP,Consumer,sideways,,116.2917,117.5393,115.5519,115.6386,2430508,-0.005616,-0.002128,-0.000249,0.0,0
2026-02-02 12:00:00,2026-02-02,2,UNH,Healthcare,sideways,,57.8084,58.2021,57.6628,57.9303,3335094,0.002108,-0.002128,0.00249,0.0,0
2026-02-02 12:00:00,2026-02-02,2,CARR,Industrials,sideways,,198.3856,205.1762,193.1672,195.2909,1591862,-0.015599,-0.002128,0.001418,0.0,0
2026-02-02 12:00:00,2026-02-02,2,HCA,Healthcare,sideways,,198.0358,201.4533,197.2516,198.0724,2807886,0.000185,-0.002128,0.00249,0.0,0
2026-02-02 12:00:00,2026-02-02,2,TWTR,Comm,sideways,,198.398,200.569,195.0708,197.6353,1099287,-0.003844,-0.002128,0.000646,0.0,0
2026-02-02 12:00:00,2026-02-02,2,BILI,Tech,sideways,,83.8048,84.06,83.4679,83.8687,2033869,0.000762,-0.002128,0.00272,0.0,0
2026-02-02 12:00:00,2026-02-02,2,SIRI,Comm,sideways,,143.6427,147.4906,141.509,143.9719,774966,0.002291,-0.002128,0.000646,0.0,0
2026-02-02 12:00:00,2026-02-02,2,FUBO,Comm,sideways,,101.9657,102.3793,101.8067,101.9439,2037664,-0.000214,-0.002128,0.000646,0.0,0
2026-02-02 12:00:00,2026-02-02,2,RKT,Financials,sideways,,87.5779,88.3928,87.5267,87.7504,1473716,0.001969,-0.002128,-0.000103,0.0,0
2026-02-02 13:00:00,2026-02-02,3,AAPL,Tech,sideways,,77.8389,78.3598,77.1997,77.8126,3138276,-0.000338,0.000512,0.000171,0.0,0
2026-02-02 13:00:00,2026-02-02,3,TSLA,Consumer,sideways,,266.4501,270.6797,262.8816,267.9515,811945,0.005635,0.000512,-0.000568,0.0,0
2026-02-02 13:00:00,2026-02-02,3,AMZN,Consumer,sideways,,143.9132,144.4142,143.2373,143.8111,3233050,-0.000709,0.000512,-0.000568,0.0,0
2026-02-02 13:00:00,2026-02-02,3,MSFT,Tech,sideways,,117.4036,119.0016,115.8828,116.504,618507,-0.007663,0.000512,0.000171,0.0,0
2026-02-02 13:00:00,2026-02-02,3,NVDA,Tech,sideways,,90.2539,93.4711,85.9785,91.6991,3726671,0.016013,0.000512,0.000171,0.0,0
2026-02-02 13:00:00,2026-02-02,3,GOOGL,Tech,sideways,,57.5911,59.3967,56.606,58.0725,3600996,0.008359,0.000512,0.000171,0.0,0
2026-02-02 13:00:00,2026-02-02,3,META,Tech,sideways,,104.1186,105.8423,102.0404,103.2106,3923074,-0.008721,0.000512,0.000171,0.0,0
2026-02-02 13:00:00,2026-02-02,3,NFLX,Comm,sideways,,169.554,171.8085,163.5978,168.6607,1602595,-0.005268,0.000512,0.000685,0.0,0
2026-02-02 13:00:00,2026-02-02,3,JPM,Financials,sideways,,87.6837,88.0573,87.5528,87.6922,3868509,9.6e-05,0.000512,-0.001811,0.0,0
2026-02-02 13:00:00,2026-02-02,3,V,Financials,sideways,,95.869,96.2256,95.7561,95.8977,1367596,0.000299,0.000512,-0.001811,0.0,0
2026-02-02 13:00:00,2026-02-02,3,BAC,Financials,sideways,,96.5142,96.8623,96.2597,96.4743,3302046,-0.000414,0.000512,-0.001811,0.0,0
2026-02-02 13:00:00,2026-02-02,3,PYPL,Financials,sideways,,115.4941,116.4681,114.3797,115.9729,3825044,0.004146,0.000512,-0.001811,0.0,0
2026-02-02 13:00:00,2026-02-02,3,DIS,Comm,sideways,,45.1046,45.7883,44.1454,45.3129,2471081,0.004617,0.000512,0.000685,0.0,0
2026-02-02 13:00:00,2026-02-02,3,T,Comm,sideways,,94.3645,94.9772,93.7465,94.3272,3171310,-0.000395,0.000512,0.000685,0.0,0
2026-02-02 13:00:00,2026-02-02,3,PFE,Healthcare,sideways,,67.3708,69.4152,66.7825,67.6114,3742080,0.003572,0.000512,0.001277,0.0,0
2026-02-02 13:00:00,2026-02-02,3,COST,Consumer,sideways,,177.6649,178.0828,176.293,178.0161,970974,0.001977,0.000512,-0.000568,0.0,0
2026-02-02 13:00:00,2026-02-02,3,INTC,Tech,sideways,,71.1858,71.5024,70.1332,71.3529,352391,0.002348,0.000512,0.000171,0.0,0
2026-02-02 13:00:00,2026-02-02,3,KO,Consumer,sideways,,148.4906,149.6108,147.3649,148.1248,2239571,-0.002464,0.000512,-0.000568,0.0,0
2026-02-02 13:00:00,2026-02-02,3,TGT,Consumer,sideways,,250.4567,251.4182,243.9861,251.1006,1041683,0.002571,0.000512,-0.000568,0.0,0
2026-02-02 13:00:00,2026-02-02,3,NKE,Consumer,sideways,,91.3006,91.9705,90.8192,91.4655,4419244,0.001805,0.000512,-0.000568,0.0,0
2026-02-02 13:00:00,2026-02-02,3,SPY,Financials,sideways,,79.1372,79.2737,78.8073,78.8182,4246267,-0.004032,0.000512,-0.001811,0.0,0
2026-02-02 13:00:00,2026-02-02,3,BA,Industrials,sideways,,119.621,121.2896,115.7943,117.3214,1783487,-0.019224,0.000512,0.001528,0.0,0
2026-02-02 13:00:00,2026-02-02,3,BABA,Consumer,sideways,,111.7541,112.8361,110.5079,110.8365,1759472,-0.008211,0.000512,-0.000568,0.0,0
2026-02-02 13:00:00,2026-02-02,3,XOM,Energy,sideways,,66.1819,66.7366,63.9136,65.3793,2923824,-0.012128,0.000512,-0.00258,0.0,0
2026-02-02 13:00:00,2026-02-02,3,WMT,Consumer,sideways,,138.6668,143.5929,137.9507,139.7909,2186135,0.008106,0.000512,-0.000568,0.0,0
2026-02-02 13:00:00,2026-02-02,3,GE,Industrials,sideways,,332.2622,337.7388,332.2192,333.3552,684401,0.00329,0.000512,0.001528,0.0,0
2026-02-02 13:00:00,2026-02-02,3,CSCO,Tech,sideways,,94.9987,95.663,94.7088,95.2948,2799152,0.003118,0.000512,0.000171,0.0,0
2026-02-02 13:00:00,2026-02-02,3,VZ,Comm,sideways,,95.3815,96.9365,92.6693,96.1302,3394376,0.007849,0.000512,0.000685,0.0,0
2026-02-02 13:00:00,2026-02-02,3,JNJ,Healthcare,sideways,,60.8439,61.0991,60.8242,60.8841,640174,0.000661,0.000512,0.001277,0.0,0
2026-02-02 13:00:00,2026-02-02,3,CVX,Energy,sideways,,130.9512,133.3225,129.1127,130.4333,3647396,-0.003955,0.000512,-0.00258,0.0,0
2026-02-02 13:00:00,2026-02-02,3,PLTR,Tech,sideways,,55.1181,55.9849,54.3413,55.2582,2770403,0.002541,0.000512,0.000171,0.0,0
2026-02-02 13:00:00,2026-02-02,3,SQ,Tech,sideways,,59.3044,61.5826,58.2471,60.3414,4421724,0.017487,0.000512,0.000171,0.0,0
2026-02-02 13:00:00,2026-02-02,3,SHOP,Tech,sideways,,221.0973,221.4039,219.3102,221.2013,4060023,0.00047,0.000512,0.000171,0.0,0
2026-02-02 13:00:00,2026-02-02,3,SBUX,Consumer,sideways,,66.9528,67.6664,66.0212,66.8085,2824629,-0.002155,0.000512,-0.000568,0.0,0
2026-02-02 13:00:00,2026-02-02,3,SOFI,Financials,sideways,,196.3374,198.9772,194.2954,197.6587,1785431,0.00673,0.000512,-0.001811,0.0,0
2026-02-02 13:00:00,2026-02-02,3,HOOD,Financials,sideways,,252.6017,252.6032,251.1173,252.3799,1853193,-0.000878,0.000512,-0.001811,0.0,0
2026-02-02 13:00:00,2026-02-02,3,RBLX,Tech,sideways,,124.4789,124.9005,123.1835,124.287,3623772,-0.001542,0.000512,0.000171,0.0,0
2026-02-02 13:00:00,2026-02-02,3,SNAP,Comm,sideways,,148.5118,148.7656,146.5828,147.8858,575221,-0.004215,0.000512,0.000685,0.0,0
2026-02-02 13:00:00,2026-02-02,3,AMD,Tech,sideways,,316.0088,317.0253,310.1899,316.8825,1104892,0.002765,0.000512,0.000171,0.0,0
2026-02-02 13:00:00,2026-02-02,3,UBER,Tech,sideways,,97.2513,98.0004,95.3176,97.5795,2425910,0.003375,0.000512,0.000171,0.0,0
2026-02-02 13:00:00,2026-02-02,3,FDX,Industrials,sideways,,79.4767,80.3855,77.6894,78.9933,3910775,-0.006082,0.000512,0.001528,0.0,0
2026-02-02 13:00:00,2026-02-02,3,ABBV,Healthcare,sideways,,51.695,51.9263,51.4184,51.7226,3525619,0.000533,0.000512,0.001277,0.0,0
2026-02-02 13:00:00,2026-02-02,3,ETSY,Consumer,sideways,,113.3927,113.7483,111.7591,112.0184,4356186,-0.012119,0.000512,-0.000568,0.0,0
2026-02-02 13:00:00,2026-02-02,3,MRNA,Healthcare,sideways,,249.0755,251.5905,246.6278,248.4053,1225926,-0.002691,0.000512,0.001277,0.0,0
2026-02-02 13:00:00,2026-02-02,3,LMT,Industrials,sideways,,184.5735,185.2867,184.0415,184.8343,1564273,0.001413,0.000512,0.001528,0.0,0
2026-02-02 13:00:00,2026-02-02,3,GM,Consumer,sideways,,66.0605,66.7874,65.474,65.5768,1620878,-0.007322,0.000512,-0.000568,0.0,0
2026-02-02 13:00:00,2026-02-02,3,F,Consumer,sideways,,68.1743,69.2194,67.6794,68.0795,3593106,-0.00139,0.000512,-0.000568,0.0,0
2026-02-02 13:00:00,2026-02-02,3,LCID,Consumer,sideways,,81.6215,83.8167,80.1931,82.2117,2235303,0.007231,0.000512,-0.000568,0.0,0
2026-02-02 13:00:00,2026-02-02,3,CCL,Consumer,sideways,,127.998,129.3072,126.7807,128.5426,1191136,0.004255,0.000512,-0.000568,0.0,0
2026-02-02 13:00:00,2026-02-02,3,DAL,Industrials,sideways,,97.8895,97.9515,94.3257,96.8429,3124616,-0.010692,0.000512,0.001528,0.0,0
2026-02-02 13:00:00,2026-02-02,3,UAL,Industrials,sideways,,122.4545,122.5629,121.0464,121.997,2523997,-0.003737,0.000512,0.001528,0.0,0
2026-02-02 13:00:00,2026-02-02,3,AAL,Industrials,sideways,,127.9412,129.4047,125.2936,128.152,3978784,0.001648,0.000512,0.001528,0.0,0
2026-02-02 13:00:00,2026-02-02,3,TSM,Tech,sideways,,94.5526,95.3214,94.0756,94.6109,2612199,0.000617,0.000512,0.000171,0.0,0
2026-02-02 13:00:00,2026-02-02,3,SONY,Tech,sideways,,107.2471,107.3203,105.986,107.0358,744028,-0.001969,0.000512,0.000171,0.0,0
2026-02-02 13:00:00,2026-02-02,3,ET,Energy,sideways,,117.8646,120.8042,109.742,120.4173,4252497,0.021658,0.000512,-0.00258,0.0,0
2026-02-02 13:00:00,2026-02-02,3,MRO,Energy,sideways,,101.2554,103.4111,99.0582,99.9554,1225901,-0.012839,0.000512,-0.00258,0.0,0
2026-02-02 13:00:00,2026-02-02,3,COIN,Financials,sideways,,143.9106,146.2217,141.069,142.6383,518584,-0.008841,0.000512,-0.001811,0.0,0
2026-02-02 13:00:00,2026-02-02,3,RIVN,Consumer,sideways,,302.7441,304.0724,298.6959,301.9845,3024194,-0.002509,0.000512,-0.000568,0.0,0
2026-02-02 13:00:00,2026-02-02,3,RIOT,Financials,sideways,,150.5953,150.7255,149.871,150.4767,2249723,-0.000787,0.000512,-0.001811,0.0,0
2026-02-02 13:00:00,2026-02-02,3,CPRX,Healthcare,sideways,,111.5914,114.3721,110.1665,111.973,2877617,0.003419,0.000512,0.001277,0.0,0
2026-02-02 13:00:00,2026-02-02,3,VWO,Financials,sideways,,43.8535,44.1723,43.7136,43.885,873662,0.000718,0.000512,-0.001811,0.0,0
2026-02-02 13:00:00,2026-02-02,3,SPYG,Financials,sideways,,136.6912,138.9843,135.441,136.9486,2925643,0.001884,0.000512,-0.001811,0.0,0
2026-02-02 13:00:00,2026-02-02,3,NOK,Tech,sideways,,37.3927,37.7275,36.2865,36.9032,1863024,-0.013093,0.000512,0.000171,0.0,0
2026-02-02 13:00:00,2026-02-02,3,ROKU,Comm,sideways,,51.0117,51.2757,50.1877,51.0896,4182065,0.001527,0.000512,0.000685,0.0,0
2026-02-02 13:00:00,2026-02-02,3,VIAC,Comm,sideways,,174.7305,176.0738,173.9078,174.949,2463986,0.00125,0.000512,0.000685,0.0,0
2026-02-02 13:00:00,2026-02-02,3,ATVI,Tech,sideways,,161.3867,163.8244,159.7846,161.0375,4513177,-0.002164,0.000512,0.000171,0.0,0
2026-02-02 13:00:00,2026-02-02,3,BIDU,Comm,sideways,,99.3393,101.8103,99.3126,99.8122,3165642,0.004761,0.000512,0.000685,0.0,0
2026-02-02 13:00:00,2026-02-02,3,DOCU,Tech,sideways,,42.6233,42.8291,42.5687,42.62,3161592,-7.7e-05,0.000512,0.000171,0.0,0
2026-02-02 13:00:00,2026-02-02,3,ZM,Tech,sideways,,88.8598,88.8642,88.2811,88.581,690845,-0.003137,0.000512,0.000171,0.0,0
2026-02-02 13:00:00,2026-02-02,3,PINS,Comm,sideways,,75.4932,76.1577,75.4547,75.5544,3418240,0.000811,0.000512,0.000685,0.0,0
2026-02-02 13:00:00,2026-02-02,3,TLRY,Healthcare,sideways,,155.8349,159.2875,150.1436,154.7793,3130874,-0.006774,0.000512,0.001277,0.0,0
2026-02-02 13:00:00,2026-02-02,3,WBA,Healthcare,sideways,,379.666,384.8577,371.7979,382.3648,1871448,0.007108,0.000512,0.001277,0.0,0
2026-02-02 13:00:00,2026-02-02,3,MGM,Consumer,sideways,,122.2101,122.6208,120.1815,121.6203,1367115,-0.004825,0.000512,-0.000568,0.0,0
2026-02-02 13:00:00,2026-02-02,3,NIO,Consumer,sideways,,69.9282,70.2662,68.9588,69.7364,3131668,-0.002744,0.000512,-0.000568,0.0,0
2026-02-02 13:00:00,2026-02-02,3,C,Financials,sideways,,56.8066,58.5162,54.0042,57.5767,1196844,0.013558,0.000512,-0.001811,0.0,0
2026-02-02 13:00:00,2026-02-02,3,GS,Financials,sideways,,104.8692,105.9847,104.8536,105.5643,1072916,0.006629,0.000512,-0.001811,0.0,0
2026-02-02 13:00:00,2026-02-02,3,WFC,Financials,sideways,,97.6171,98.1248,97.3424,97.5954,3875079,-0.000223,0.000512,-0.001811,0.0,0
2026-02-02 13:00:00,2026-02-02,3,ADBE,Tech,sideways,,56.8587,57.2273,56.4243,56.8992,3579610,0.000712,0.000512,0.000171,0.0,0
2026-02-02 13:00:00,2026-02-02,3,PEP,Consumer,sideways,,115.6386,116.4801,114.4603,116.336,3107376,0.006031,0.000512,-0.000568,0.0,0
2026-02-02 13:00:00,2026-02-02,3,UNH,Healthcare,sideways,,57.9303,58.2178,57.5505,58.1076,3015228,0.003061,0.000512,0.001277,0.0,0
2026-02-02 13:00:00,2026-02-02,3,CARR,Industrials,sideways,,195.2909,195.8761,190.7873,194.688,1650741,-0.003087,0.000512,0.001528,0.0,0
2026-02-02 13:00:00,2026-02-02,3,HCA,Healthcare,sideways,,198.0724,200.296,196.4134,197.735,3691380,-0.001704,0.000512,0.001277,0.0,0
2026-02-02 13:00:00,2026-02-02,3,TWTR,Comm,sideways,,197.6353,200.1197,190.6958,196.4586,1017817,-0.005954,0.000512,0.000685,0.0,0
2026-02-02 13:00:00,2026-02-02,3,BILI,Tech,sideways,,83.8687,83.9682,83.6725,83.8552,2339015,-0.000161,0.000512,0.000171,0.0,0
2026-02-02 13:00:00,2026-02-02,3,SIRI,Comm,sideways,,143.9719,149.5244,142.9568,146.0622,1081265,0.014519,0.000512,0.000685,0.0,0
2026-02-02 13:00:00,2026-02-02,3,FUBO,Comm,sideways,,101.9439,102.3998,101.3961,101.6957,1837185,-0.002435,0.000512,0.000685,0.0,0
2026-02-02 13:00:00,2026-02-02,3,RKT,Financials,sideways,,87.7504,88.1219,86.8398,87.323,1850922,-0.004871,0.000512,-0.001811,0.0,0
2026-02-02 14:00:00,2026-02-02,4,AAPL,Tech,sideways,,77.8126,80.2011,76.8693,77.3546,3599828,-0.005886,0.001424,0.002984,0.0,0
2026-02-02 14:00:00,2026-02-02,4,TSLA,Consumer,sideways,,267.9515,275.379,264.0713,265.4691,937186,-0.009264,0.001424,0.001684,0.0,0
2026-02-02 14:00:00,2026-02-02,4,AMZN,Consumer,sideways,,143.8111,144.4189,143.5257,143.8263,3172933,0.000106,0.001424,0.001684,0.0,0
2026-02-02 14:00:00,2026-02-02,4,MSFT,Tech,sideways,,116.504,117.215,112.859,115.2216,666818,-0.011007,0.001424,0.002984,0.0,0
2026-02-02 14:00:00,2026-02-02,4,NVDA,Tech,sideways,,91.6991,93.1171,88.7315,92.54,3322257,0.00917,0.001424,0.002984,0.0,0
2026-02-02 14:00:00,2026-02-02,4,GOOGL,Tech,sideways,,58.0725,59.5782,57.9957,58.6313,4785029,0.009623,0.001424,0.002984,0.0,0
2026-02-02 14:00:00,2026-02-02,4,META,Tech,sideways,,103.2106,106.1519,102.4397,104.5827,3655450,0.013295,0.001424,0.002984,0.0,0
2026-02-02 14:00:00,2026-02-02,4,NFLX,Comm,sideways,,168.6607,172.1715,163.2395,167.5102,1433484,-0.006821,0.001424,0.00252,0.0,0
2026-02-02 14:00:00,2026-02-02,4,JPM,Financials,sideways,,87.6922,89.5775,86.6386,88.4658,3646826,0.008822,0.001424,0.000959,0.0,0
2026-02-02 14:00:00,2026-02-02,4,V,Financials,sideways,,95.8977,96.058,95.6547,95.976,1741367,0.000816,0.001424,0.000959,0.0,0
2026-02-02 14:00:00,2026-02-02,4,BAC,Financials,sideways,,96.4743,96.9754,96.1307,96.7782,3652130,0.00315,0.001424,0.000959,0.0,0
2026-02-02 14:00:00,2026-02-02,4,PYPL,Financials,sideways,,115.9729,116.6064,115.3777,116.2471,3223571,0.002364,0.001424,0.000959,0.0,0
2026-02-02 14:00:00,2026-02-02,4,DIS,Comm,sideways,,45.3129,46.6227,44.5098,45.8367,2791657,0.01156,0.001424,0.00252,0.0,0
2026-02-02 14:00:00,2026-02-02,4,T,Comm,sideways,,94.3272,94.5986,93.8212,94.2679,2432399,-0.000628,0.001424,0.00252,0.0,0
2026-02-02 14:00:00,2026-02-02,4,PFE,Healthcare,sideways,,67.6114,67.8506,66.5773,66.7114,4141844,-0.013312,0.001424,-0.003734,0.0,0
2026-02-02 14:00:00,2026-02-02,4,COST,Consumer,sideways,,178.0161,181.7981,175.921,179.3675,963987,0.007592,0.001424,0.001684,0.0,0
2026-02-02 14:00:00,2026-02-02,4,INTC,Tech,sideways,,71.3529,73.4622,69.846,72.7507,387700,0.019589,0.001424,0.002984,0.0,0
2026-02-02 14:00:00,2026-02-02,4,KO,Consumer,sideways,,148.1248,149.3126,146.7653,147.9219,1973444,-0.001369,0.001424,0.001684,0.0,0
2026-02-02 14:00:00,2026-02-02,4,TGT,Consumer,sideways,,251.1006,259.6857,246.6103,252.9982,1147622,0.007557,0.001424,0.001684,0.0,0
2026-02-02 14:00:00,2026-02-02,4,NKE,Consumer,sideways,,91.4655,91.519,91.4068,91.4909,3512267,0.000278,0.001424,0.001684,0.0,0
2026-02-02 14:00:00,2026-02-02,4,SPY,Financials,sideways,,78.8182,79.8037,77.2558,78.5836,3644387,-0.002976,0.001424,0.000959,0.0,0
2026-02-02 14:00:00,2026-02-02,4,BA,Industrials,sideways,,117.3214,117.4538,116.4584,116.9423,1945831,-0.003232,0.001424,0.001108,0.0,0
2026-02-02 14:00:00,2026-02-02,4,BABA,Consumer,sideways,,110.8365,111.4969,109.6192,111.1293,1399302,0.002643,0.001424,0.001684,0.0,0
2026-02-02 14:00:00,2026-02-02,4,XOM,Energy,sideways,,65.3793,66.2667,64.8942,66.2582,3087790,0.013444,0.001424,0.003524,0.0,0
2026-02-02 14:00:00,2026-02-02,4,WMT,Consumer,sideways,,139.7909,140.422,138.2715,139.4453,2429996,-0.002472,0.001424,0.001684,0.0,0
2026-02-02 14:00:00,2026-02-02,4,GE,Industrials,sideways,,333.3552,335.9547,327.0801,329.7923,763730,-0.010688,0.001424,0.001108,0.0,0
2026-02-02 14:00:00,2026-02-02,4,CSCO,Tech,sideways,,95.2948,95.693,95.2143,95.3386,3137199,0.000459,0.001424,0.002984,0.0,0
2026-02-02 14:00:00,2026-02-02,4,VZ,Comm,sideways,,96.1302,98.1087,94.6472,97.0748,3565919,0.009826,0.001424,0.00252,0.0,0
2026-02-02 14:00:00,2026-02-02,4,JNJ,Healthcare,sideways,,60.8841,61.0459,60.7839,60.859,490166,-0.000411,0.001424,-0.003734,0.0,0
2026-02-02 14:00:00,2026-02-02,4,CVX,Energy,sideways,,130.4333,131.2068,129.2914,131.1329,3933469,0.005364,0.001424,0.003524,0.0,0
2026-02-02 14:00:00,2026-02-02,4,PLTR,Tech,sideways,,55.2582,55.5913,53.5563,55.5076,2326620,0.004514,0.001424,0.002984,0.0,0
2026-02-02 14:00:00,2026-02-02,4,SQ,Tech,sideways,,60.3414,61.1352,60.1535,60.7258,3510339,0.00637,0.001424,0.002984,0.0,0
2026-02-02 14:00:00,2026-02-02,4,SHOP,Tech,sideways,,221.2013,222.4807,219.9873,221.5352,3591659,0.00151,0.001424,0.002984,0.0,0
2026-02-02 14:00:00,2026-02-02,4,SBUX,Consumer,sideways,,66.8085,66.9055,66.7327,66.8733,2821451,0.000971,0.001424,0.001684,0.0,0
2026-02-02 14:00:00,2026-02-02,4,SOFI,Financials,sideways,,197.6587,199.531,196.2597,198.3184,1510365,0.003337,0.001424,0.000959,0.0,0
2026-02-02 14:00:00,2026-02-02,4,HOOD,Financials,sideways,,252.3799,254.2174,251.168,252.5839,1927455,0.000808,0.001424,0.000959,0.0,0
2026-02-02 14:00:00,2026-02-02,4,RBLX,Tech,sideways,,124.287,128.1545,122.2835,126.6873,3552777,0.019313,0.001424,0.002984,0.0,0
2026-02-02 14:00:00,2026-02-02,4,SNAP,Comm,sideways,,147.8858,149.0974,145.3397,146.4953,630019,-0.009402,0.001424,0.00252,0.0,0
2026-02-02 14:00:00,2026-02-02,4,AMD,Tech,sideways,,316.8825,317.8639,311.3641,315.7066,1281586,-0.003711,0.001424,0.002984,0.0,0
2026-02-02 14:00:00,2026-02-02,4,UBER,Tech,sideways,,97.5795,104.0013,95.1773,100.3417,3292851,0.028307,0.001424,0.002984,0.0,0
2026-02-02 14:00:00,2026-02-02,4,FDX,Industrials,sideways,,78.9933,79.5075,78.7573,78.9102,4545791,-0.001052,0.001424,0.001108,0.0,0
2026-02-02 14:00:00,2026-02-02,4,ABBV,Healthcare,sideways,,51.7226,51.9421,51.4917,51.8673,3125673,0.002798,0.001424,-0.003734,0.0,0
2026-02-02 14:00:00,2026-02-02,4,ETSY,Consumer,sideways,,112.0184,113.7624,109.8151,111.845,3535763,-0.001549,0.001424,0.001684,0.0,0
2026-02-02 14:00:00,2026-02-02,4,MRNA,Healthcare,sideways,,248.4053,249.4036,244.2048,245.5437,1063276,-0.01152,0.001424,-0.003734,0.0,0
2026-02-02 14:00:00,2026-02-02,4,LMT,Industrials,sideways,,184.8343,186.4036,183.3345,185.7074,1435675,0.004724,0.001424,0.001108,0.0,0
2026-02-02 14:00:00,2026-02-02,4,GM,Consumer,sideways,,65.5768,65.9237,65.0895,65.6595,1384890,0.001262,0.001424,0.001684,0.0,0
2026-02-02 14:00:00,2026-02-02,4,F,Consumer,sideways,,68.0795,69.0272,67.4378,68.0154,3358025,-0.000942,0.001424,0.001684,0.0,0
2026-02-02 14:00:00,2026-02-02,4,LCID,Consumer,sideways,,82.2117,84.7319,81.066,82.7112,2775732,0.006076,0.001424,0.001684,0.0,0
2026-02-02 14:00:00,2026-02-02,4,CCL,Consumer,sideways,,128.5426,128.944,128.3142,128.444,1194724,-0.000768,0.001424,0.001684,0.0,0
2026-02-02 14:00:00,2026-02-02,4,DAL,Industrials,sideways,,96.8429,98.3557,96.8068,97.3282,3725374,0.005012,0.001424,0.001108,0.0,0
2026-02-02 14:00:00,2026-02-02,4,UAL,Industrials,sideways,,121.997,123.2702,121.6534,121.8495,3202229,-0.001209,0.001424,0.001108,0.0,0
2026-02-02 14:00:00,2026-02-02,4,AAL,Industrials,sideways,,128.152,129.2558,122.4496,127.4712,3757093,-0.005312,0.001424,0.001108,0.0,0
2026-02-02 14:00:00,2026-02-02,4,TSM,Tech,sideways,,94.6109,99.1535,94.4197,95.1678,2397379,0.005886,0.001424,0.002984,0.0,0
2026-02-02 14:00:00,2026-02-02,4,SONY,Tech,sideways,,107.0358,108.0768,106.8321,107.3496,860869,0.002932,0.001424,0.002984,0.0,0
2026-02-02 14:00:00,2026-02-02,4,ET,Energy,sideways,,120.4173,120.4864,118.4494,120.2217,4057331,-0.001625,0.001424,0.003524,0.0,0
2026-02-02 14:00:00,2026-02-02,4,MRO,Energy,sideways,,99.9554,104.7181,99.0036,102.1899,1153481,0.022355,0.001424,0.003524,0.0,0
2026-02-02 14:00:00,2026-02-02,4,COIN,Financials,sideways,,142.6383,149.9684,142.1277,145.1941,496737,0.017918,0.001424,0.000959,0.0,0
2026-02-02 14:00:00,2026-02-02,4,RIVN,Consumer,sideways,,301.9845,303.4986,300.1487,303.027,3702991,0.003452,0.001424,0.001684,0.0,0
2026-02-02 14:00:00,2026-02-02,4,RIOT,Financials,sideways,,150.4767,150.5378,150.0301,150.0341,2358235,-0.002941,0.001424,0.000959,0.0,0
2026-02-02 14:00:00,2026-02-02,4,CPRX,Healthcare,sideways,,111.973,112.6182,109.4764,112.474,3286338,0.004475,0.001424,-0.003734,0.0,0
2026-02-02 14:00:00,2026-02-02,4,VWO,Financials,sideways,,43.885,44.3781,43.6776,44.1581,779416,0.006222,0.001424,0.000959,0.0,0
2026-02-02 14:00:00,2026-02-02,4,SPYG,Financials,sideways,,136.9486,138.0665,135.6532,136.6719,2991243,-0.002021,0.001424,0.000959,0.0,0
2026-02-02 14:00:00,2026-02-02,4,NOK,Tech,sideways,,36.9032,37.3123,36.5829,36.6328,1728387,-0.007326,0.001424,0.002984,0.0,0
2026-02-02 14:00:00,2026-02-02,4,ROKU,Comm,sideways,,51.0896,51.324,50.9691,50.9828,4882265,-0.002089,0.001424,0.00252,0.0,0
2026-02-02 14:00:00,2026-02-02,4,VIAC,Comm,sideways,,174.949,175.3751,174.9316,175.3532,2820908,0.002311,0.001424,0.00252,0.0,0
2026-02-02 14:00:00,2026-02-02,4,ATVI,Tech,sideways,,161.0375,163.8593,160.6116,162.5749,3701248,0.009547,0.001424,0.002984,0.0,0
2026-02-02 14:00:00,2026-02-02,4,BIDU,Comm,sideways,,99.8122,102.8864,99.0372,100.9151,3476605,0.011049,0.001424,0.00252,0.0,0
2026-02-02 14:00:00,2026-02-02,4,DOCU,Tech,sideways,,42.62,42.9378,41.6216,42.9249,4410976,0.007154,0.001424,0.002984,0.0,0
2026-02-02 14:00:00,2026-02-02,4,ZM,Tech,sideways,,88.581,88.7583,87.4614,88.249,603378,-0.003748,0.001424,0.002984,0.0,0
2026-02-02 14:00:00,2026-02-02,4,PINS,Comm,sideways,,75.5544,76.4791,75.2947,75.7314,3375599,0.002342,0.001424,0.00252,0.0,0
2026-02-02 14:00:00,2026-02-02,4,TLRY,Healthcare,sideways,,154.7793,160.8395,153.3549,153.5311,2712880,-0.008065,0.001424,-0.003734,0.0,0
2026-02-02 14:00:00,2026-02-02,4,WBA,Healthcare,sideways,,382.3648,388.0636,351.8958,373.7342,2531213,-0.022571,0.001424,-0.003734,0.0,0
2026-02-02 14:00:00,2026-02-02,4,MGM,Consumer,sideways,,121.6203,123.6482,121.1164,121.4924,1553928,-0.001052,0.001424,0.001684,0.0,0
2026-02-02 14:00:00,2026-02-02,4,NIO,Consumer,sideways,,69.7364,70.5329,69.1839,70.0698,2884348,0.004782,0.001424,0.001684,0.0,0
2026-02-02 14:00:00,2026-02-02,4,C,Financials,sideways,,57.5767,59.0227,56.6929,58.5071,1361662,0.01616,0.001424,0.000959,0.0,0
2026-02-02 14:00:00,2026-02-02,4,GS,Financials,sideways,,105.5643,105.9712,104.8302,105.2522,1009716,-0.002957,0.001424,0.000959,0.0,0
2026-02-02 14:00:00,2026-02-02,4,WFC,Financials,sideways,,97.5954,97.8502,97.2364,97.5473,3283260,-0.000492,0.001424,0.000959,0.0,0
2026-02-02 14:00:00,2026-02-02,4,ADBE,Tech,sideways,,56.8992,57.3506,56.6058,56.7985,3498818,-0.001769,0.001424,0.002984,0.0,0
2026-02-02 14:00:00,2026-02-02,4,PEP,Consumer,sideways,,116.336,117.5353,115.5344,116.6619,2614890,0.002802,0.001424,0.001684,0.0,0
2026-02-02 14:00:00,2026-02-02,4,UNH,Healthcare,sideways,,58.1076,58.6604,57.8446,58.3393,2970798,0.003988,0.001424,-0.003734,0.0,0
2026-02-02 14:00:00,2026-02-02,4,CARR,Industrials,sideways,,194.688,194.9264,193.1486,194.5973,1448284,-0.000466,0.001424,0.001108,0.0,0
2026-02-02 14:00:00,2026-02-02,4,HCA,Healthcare,sideways,,197.735,200.9959,194.0113,197.1983,3257677,-0.002714,0.001424,-0.003734,0.0,0
2026-02-02 14:00:00,2026-02-02,4,TWTR,Comm,sideways,,196.4586,197.6533,195.0007,197.0235,1015968,0.002876,0.001424,0.00252,0.0,0
2026-02-02 14:00:00,2026-02-02,4,BILI,Tech,sideways,,83.8552,84.8259,83.1037,84.1343,2210543,0.003328,0.001424,0.002984,0.0,0
2026-02-02 14:00:00,2026-02-02,4,SIRI,Comm,sideways,,146.0622,151.0827,138.7485,142.7607,1170497,-0.022603,0.001424,0.00252,0.0,0
2026-02-02 14:00:00,2026-02-02,4,FUBO,Comm,sideways,,101.6957,102.5636,100.5089,102.5049,1810482,0.007957,0.001424,0.00252,0.0,0
2026-02-02 14:00:00,2026-02-02,4,RKT,Financials,sideways,,87.323,88.1422,86.1825,87.8058,1478845,0.005529,0.001424,0.000959,0.0,0
2026-02-02 15:00:00,2026-02-02,5,AAPL,Tech,sideways,,77.3546,79.1136,76.9851,77.6993,4229497,0.004457,-0.000539,-0.001609,0.0,0
2026-02-02 15:00:00,2026-02-02,5,TSLA,Consumer,sideways,,265.4691,270.5637,259.3409,263.7018,876937,-0.006657,-0.000539,-0.000795,0.0,0
2026-02-02 15:00:00,2026-02-02,5,AMZN,Consumer,sideways,,143.8263,144.2304,143.2766,143.3848,3325522,-0.00307,-0.000539,-0.000795,0.0,0
2026-02-02 15:00:00,2026-02-02,5,MSFT,Tech,sideways,,115.2216,115.4255,113.7704,115.1926,670012,-0.000252,-0.000539,-0.001609,0.0,0
2026-02-02 15:00:00,2026-02-02,5,NVDA,Tech,sideways,,92.54,93.1176,89.9828,92.0411,3761623,-0.005391,-0.000539,-0.001609,0.0,0
2026-02-02 15:00:00,2026-02-02,5,GOOGL,Tech,sideways,,58.6313,59.483,57.7775,58.7167,3510348,0.001456,-0.000539,-0.001609,0.0,0
2026-02-02 15:00:00,2026-02-02,5,META,Tech,sideways,,104.5827,106.5749,104.0367,104.6956,3046975,0.001079,-0.000539,-0.001609,0.0,0
2026-02-02 15:00:00,2026-02-02,5,NFLX,Comm,sideways,,167.5102,173.1784,155.852,165.6975,1550102,-0.010822,-0.000539,-0.002977,0.0,0
2026-02-02 15:00:00,2026-02-02,5,JPM,Financials,sideways,,88.4658,89.3716,88.3468,88.6115,3759794,0.001647,-0.000539,0.000854,0.0,0
2026-02-02 15:00:00,2026-02-02,5,V,Financials,sideways,,95.976,96.9192,94.6453,95.6168,1413039,-0.003743,-0.000539,0.000854,0.0,0
2026-02-02 15:00:00,2026-02-02,5,BAC,Financials,sideways,,96.7782,97.0247,96.3138,96.8169,3470903,0.000399,-0.000539,0.000854,0.0,0
2026-02-02 15:00:00,2026-02-02,5,PYPL,Financials,sideways,,116.2471,117.1383,115.8862,116.3887,3586344,0.001218,-0.000539,0.000854,0.0,0
2026-02-02 15:00:00,2026-02-02,5,DIS,Comm,sideways,,45.8367,46.5325,45.687,45.9003,2522072,0.001389,-0.000539,-0.002977,0.0,0
2026-02-02 15:00:00,2026-02-02,5,T,Comm,sideways,,94.2679,94.7811,93.3467,94.4249,2780577,0.001665,-0.000539,-0.002977,0.0,0
2026-02-02 15:00:00,2026-02-02,5,PFE,Healthcare,sideways,,66.7114,67.193,66.1199,66.3785,4358342,-0.004991,-0.000539,0.003477,0.0,0
2026-02-02 15:00:00,2026-02-02,5,COST,Consumer,sideways,,179.3675,180.1929,178.1013,178.8669,1163443,-0.002791,-0.000539,-0.000795,0.0,0
2026-02-02 15:00:00,2026-02-02,5,INTC,Tech,sideways,,72.7507,73.4784,70.5538,72.0307,384904,-0.009896,-0.000539,-0.001609,0.0,0
2026-02-02 15:00:00,2026-02-02,5,KO,Consumer,sideways,,147.9219,149.7922,145.4771,147.2634,1817006,-0.004451,-0.000539,-0.000795,0.0,0
2026-02-02 15:00:00,2026-02-02,5,TGT,Consumer,sideways,,252.9982,259.3642,251.5452,254.8761,1008053,0.007423,-0.000539,-0.000795,0.0,0
2026-02-02 15:00:00,2026-02-02,5,NKE,Consumer,sideways,,91.4909,92.7757,91.3372,91.9172,4397686,0.00466,-0.000539,-0.000795,0.0,0
2026-02-02 15:00:00,2026-02-02,5,SPY,Financials,sideways,,78.5836,79.5027,77.0173,77.8926,4172523,-0.008793,-0.000539,0.000854,0.0,0
2026-02-02 15:00:00,2026-02-02,5,BA,Industrials,sideways,,116.9423,120.1451,116.3045,117.8012,1913971,0.007345,-0.000539,-0.003087,0.0,0
2026-02-02 15:00:00,2026-02-02,5,BABA,Consumer,sideways,,111.1293,112.4822,109.0294,111.3835,1632652,0.002287,-0.000539,-0.000795,0.0,0
2026-02-02 15:00:00,2026-02-02,5,XOM,Energy,sideways,,66.2582,67.1919,63.6288,65.4548,3817101,-0.012125,-0.000539,-0.002184,0.0,0
2026-02-02 15:00:00,2026-02-02,5,WMT,Consumer,sideways,,139.4453,142.3433,137.2934,140.0181,1909032,0.004108,-0.000539,-0.000795,0.0,0
2026-02-02 15:00:00,2026-02-02,5,GE,Industrials,sideways,,329.7923,332.0433,324.2074,330.1937,675974,0.001217,-0.000539,-0.003087,0.0,0
2026-02-02 15:00:00,2026-02-02,5,CSCO,Tech,sideways,,95.3386,96.0583,93.8803,95.0675,3286597,-0.002843,-0.000539,-0.001609,0.0,0
2026-02-02 15:00:00,2026-02-02,5,VZ,Comm,sideways,,97.0748,98.4932,95.9614,96.6189,3256993,-0.004696,-0.000539,-0.002977,0.0,0
2026-02-02 15:00:00,2026-02-02,5,JNJ,Healthcare,sideways,,60.859,61.1737,60.6978,60.8053,485162,-0.000882,-0.000539,0.003477,0.0,0
2026-02-02 15:00:00,2026-02-02,5,CVX,Energy,sideways,,131.1329,135.3213,127.3597,129.0516,3839390,-0.015872,-0.000539,-0.002184,0.0,0
2026-02-02 15:00:00,2026-02-02,5,PLTR,Tech,sideways,,55.5076,55.9703,55.3069,55.7664,2314214,0.004662,-0.000539,-0.001609,0.0,0
2026-02-02 15:00:00,2026-02-02,5,SQ,Tech,sideways,,60.7258,61.7515,59.6207,60.3175,3940589,-0.006724,-0.000539,-0.001609,0.0,0
2026-02-02 15:00:00,2026-02-02,5,SHOP,Tech,sideways,,221.5352,221.7101,220.3457,220.5465,4001503,-0.004463,-0.000539,-0.001609,0.0,0
2026-02-02 15:00:00,2026-02-02,5,SBUX,Consumer,sideways,,66.8733,67.4095,66.7141,66.7354,2677718,-0.002062,-0.000539,-0.000795,0.0,0
2026-02-02 15:00:00,2026-02-02,5,SOFI,Financials,sideways,,198.3184,202.5362,194.9282,199.4014,1929613,0.005461,-0.000539,0.000854,0.0,0
2026-02-02 15:00:00,2026-02-02,5,HOOD,Financials,sideways,,252.5839,252.9418,252.3527,252.6869,1743210,0.000408,-0.000539,0.000854,0.0,0
2026-02-02 15:00:00,2026-02-02,5,RBLX,Tech,sideways,,126.6873,128.3863,125.4767,126.4314,3351619,-0.00202,-0.000539,-0.001609,0.0,0
2026-02-02 15:00:00,2026-02-02,5,SNAP,Comm,sideways,,146.4953,149.5868,144.1487,147.1813,643858,0.004683,-0.000539,-0.002977,0.0,0
2026-02-02 15:00:00,2026-02-02,5,AMD,Tech,sideways,,315.7066,323.107,314.8059,317.919,1198743,0.007008,-0.000539,-0.001609,0.0,0
2026-02-02 15:00:00,2026-02-02,5,UBER,Tech,sideways,,100.3417,102.4351,98.7359,99.6006,2177920,-0.007386,-0.000539,-0.001609,0.0,0
2026-02-02 15:00:00,2026-02-02,5,FDX,Industrials,sideways,,78.9102,80.6241,77.9068,79.3632,4091330,0.005741,-0.000539,-0.003087,0.0,0
2026-02-02 15:00:00,2026-02-02,5,ABBV,Healthcare,sideways,,51.8673,52.1029,51.4949,51.7548,3485291,-0.002169,-0.000539,0.003477,0.0,0
2026-02-02 15:00:00,2026-02-02,5,ETSY,Consumer,sideways,,111.845,117.5785,105.3094,109.2179,3922684,-0.023489,-0.000539,-0.000795,0.0,0
2026-02-02 15:00:00,2026-02-02,5,MRNA,Healthcare,sideways,,245.5437,247.4751,244.973,245.3957,993319,-0.000603,-0.000539,0.003477,0.0,0
2026-02-02 15:00:00,2026-02-02,5,LMT,Industrials,sideways,,185.7074,190.9385,183.0738,184.6589,1556692,-0.005646,-0.000539,-0.003087,0.0,0
2026-02-02 15:00:00,2026-02-02,5,GM,Consumer,sideways,,65.6595,66.966,64.8217,65.3996,1275128,-0.003959,-0.000539,-0.000795,0.0,0
2026-02-02 15:00:00,2026-02-02,5,F,Consumer,sideways,,68.0154,68.7024,66.5807,67.7409,3345203,-0.004036,-0.000539,-0.000795,0.0,0
2026-02-02 15:00:00,2026-02-02,5,LCID,Consumer,sideways,,82.7112,83.7627,81.8935,82.4751,2151272,-0.002855,-0.000539,-0.000795,0.0,0
2026-02-02 15:00:00,2026-02-02,5,CCL,Consumer,sideways,,128.444,129.6685,127.4981,128.2838,1109001,-0.001247,-0.000539,-0.000795,0.0,0
2026-02-02 15:00:00,2026-02-02,5,DAL,Industrials,sideways,,97.3282,98.0399,96.8553,97.2355,3473420,-0.000952,-0.000539,-0.003087,0.0,0
2026-02-02 15:00:00,2026-02-02,5,UAL,Industrials,sideways,,121.8495,123.049,121.4543,122.4674,2880197,0.005071,-0.000539,-0.003087,0.0,0
2026-02-02 15:00:00,2026-02-02,5,AAL,Industrials,sideways,,127.4712,128.7333,125.0827,127.5743,3550649,0.000808,-0.000539,-0.003087,0.0,0
2026-02-02 15:00:00,2026-02-02,5,TSM,Tech,sideways,,95.1678,98.6032,94.974,96.3194,2909469,0.012101,-0.000539,-0.001609,0.0,0
2026-02-02 15:00:00,2026-02-02,5,SONY,Tech,sideways,,107.3496,110.0703,105.3296,106.7909,787170,-0.005205,-0.000539,-0.001609,0.0,0
2026-02-02 15:00:00,2026-02-02,5,ET,Energy,sideways,,120.2217,122.3805,118.7849,119.2114,4162887,-0.008404,-0.000539,-0.002184,0.0,0
2026-02-02 15:00:00,2026-02-02,5,MRO,Energy,sideways,,102.1899,104.7098,99.7751,103.7124,1196837,0.014899,-0.000539,-0.002184,0.0,0
2026-02-02 15:00:00,2026-02-02,5,COIN,Financials,sideways,,145.1941,146.1964,145.0256,145.3824,436623,0.001297,-0.000539,0.000854,0.0,0
2026-02-02 15:00:00,2026-02-02,5,RIVN,Consumer,sideways,,303.027,303.8696,302.0154,303.1743,3018726,0.000486,-0.000539,-0.000795,0.0,0
2026-02-02 15:00:00,2026-02-02,5,RIOT,Financials,sideways,,150.0341,151.1829,147.7359,149.735,2142621,-0.001994,-0.000539,0.000854,0.0,0
2026-02-02 15:00:00,2026-02-02,5,CPRX,Healthcare,sideways,,112.474,118.1443,105.761,111.3538,3552287,-0.00996,-0.000539,0.003477,0.0,0
2026-02-02 15:00:00,2026-02-02,5,VWO,Financials,sideways,,44.1581,44.4015,44.0248,44.3185,720172,0.003632,-0.000539,0.000854,0.0,0
2026-02-02 15:00:00,2026-02-02,5,SPYG,Financials,sideways,,136.6719,137.2695,133.4812,135.6387,3729354,-0.007559,-0.000539,0.000854,0.0,0
2026-02-02 15:00:00,2026-02-02,5,NOK,Tech,sideways,,36.6328,37.193,36.1512,36.6379,1925940,0.00014,-0.000539,-0.001609,0.0,0
2026-02-02 15:00:00,2026-02-02,5,ROKU,Comm,sideways,,50.9828,51.3027,50.6134,50.8842,4538849,-0.001935,-0.000539,-0.002977,0.0,0
2026-02-02 15:00:00,2026-02-02,5,VIAC,Comm,sideways,,175.3532,176.6323,174.1101,175.7381,2666876,0.002195,-0.000539,-0.002977,0.0,0
2026-02-02 15:00:00,2026-02-02,5,ATVI,Tech,sideways,,162.5749,163.5331,159.6612,161.8368,4277658,-0.00454,-0.000539,-0.001609,0.0,0
2026-02-02 15:00:00,2026-02-02,5,BIDU,Comm,sideways,,100.9151,105.4748,100.3136,102.3238,3278458,0.013959,-0.000539,-0.002977,0.0,0
2026-02-02 15:00:00,2026-02-02,5,DOCU,Tech,sideways,,42.9249,43.2477,42.6499,42.8578,3372712,-0.001563,-0.000539,-0.001609,0.0,0
2026-02-02 15:00:00,2026-02-02,5,ZM,Tech,sideways,,88.249,89.1447,87.9876,88.795,616405,0.006187,-0.000539,-0.001609,0.0,0
2026-02-02 15:00:00,2026-02-02,5,PINS,Comm,sideways,,75.7314,75.9442,74.6647,75.5679,3551578,-0.002159,-0.000539,-0.002977,0.0,0
2026-02-02 15:00:00,2026-02-02,5,TLRY,Healthcare,sideways,,153.5311,154.966,151.5741,152.9713,2684248,-0.003646,-0.000539,0.003477,0.0,0
2026-02-02 15:00:00,2026-02-02,5,WBA,Healthcare,sideways,,373.7342,374.5028,356.3533,369.1719,1846948,-0.012207,-0.000539,0.003477,0.0,0
2026-02-02 15:00:00,2026-02-02,5,MGM,Consumer,sideways,,121.4924,123.2203,120.934,121.3799,1512705,-0.000926,-0.000539,-0.000795,0.0,0
2026-02-02 15:00:00,2026-02-02,5,NIO,Consumer,sideways,,70.0698,70.605,69.3326,69.9417,2826377,-0.001829,-0.000539,-0.000795,0.0,0
2026-02-02 15:00:00,2026-02-02,5,C,Financials,sideways,,58.5071,59.3336,58.2031,58.7049,969307,0.00338,-0.000539,0.000854,0.0,0
2026-02-02 15:00:00,2026-02-02,5,GS,Financials,sideways,,105.2522,106.3953,103.3396,106.0521,1052136,0.0076,-0.000539,0.000854,0.0,0
2026-02-02 15:00:00,2026-02-02,5,WFC,Financials,sideways,,97.5473,100.6435,94.5913,96.7401,3477962,-0.008275,-0.000539,0.000854,0.0,0
2026-02-02 15:00:00,2026-02-02,5,ADBE,Tech,sideways,,56.7985,56.9344,56.363,56.6492,3892483,-0.002629,-0.000539,-0.001609,0.0,0
2026-02-02 15:00:00,2026-02-02,5,PEP,Consumer,sideways,,116.6619,118.5548,115.1398,115.9748,2367003,-0.00589,-0.000539,-0.000795,0.0,0
2026-02-02 15:00:00,2026-02-02,5,UNH,Healthcare,sideways,,58.3393,58.5681,57.1305,58.0807,3211250,-0.004433,-0.000539,0.003477,0.0,0
2026-02-02 15:00:00,2026-02-02,5,CARR,Industrials,sideways,,194.5973,195.7585,193.5848,194.4874,1508599,-0.000565,-0.000539,-0.003087,0.0,0
2026-02-02 15:00:00,2026-02-02,5,HCA,Healthcare,sideways,,197.1983,199.9272,194.9518,196.409,2915904,-0.004002,-0.000539,0.003477,0.0,0
2026-02-02 15:00:00,2026-02-02,5,TWTR,Comm,sideways,,197.0235,197.1584,195.9494,197.1325,1156976,0.000553,-0.000539,-0.002977,0.0,0
2026-02-02 15:00:00,2026-02-02,5,BILI,Tech,sideways,,84.1343,85.3275,83.1054,83.6903,2146098,-0.005277,-0.000539,-0.001609,0.0,0
2026-02-02 15:00:00,2026-02-02,5,SIRI,Comm,sideways,,142.7607,143.688,141.404,142.2628,1027044,-0.003488,-0.000539,-0.002977,0.0,0
2026-02-02 15:00:00,2026-02-02,5,FUBO,Comm,sideways,,102.5049,103.7958,102.4929,102.6242,1952003,0.001164,-0.000539,-0.002977,0.0,0
2026-02-02 15:00:00,2026-02-02,5,RKT,Financials,sideways,,87.8058,89.4388,87.7254,88.3429,1940233,0.006117,-0.000539,0.000854,0.0,0
2026-02-02 16:00:00,2026-02-02,6,AAPL,Tech,sideways,,77.6993,79.2419,74.7298,78.9474,4087211,0.016063,0.001706,0.000313,0.0,0
2026-02-02 16:00:00,2026-02-02,6,TSLA,Consumer,sideways,,263.7018,265.1689,262.7098,265.1012,783517,0.005307,0.001706,-0.000829,0.0,0
2026-02-02 16:00:00,2026-02-02,6,AMZN,Consumer,sideways,,143.3848,144.931,141.8601,143.5441,2985629,0.001111,0.001706,-0.000829,0.0,0
2026-02-02 16:00:00,2026-02-02,6,MSFT,Tech,sideways,,115.1926,118.4314,109.1222,114.18,610513,-0.00879,0.001706,0.000313,0.0,0
2026-02-02 16:00:00,2026-02-02,6,NVDA,Tech,sideways,,92.0411,92.767,91.2934,92.6466,2933089,0.006579,0.001706,0.000313,0.0,0
2026-02-02 16:00:00,2026-02-02,6,GOOGL,Tech,sideways,,58.7167,59.1946,58.5429,59.0513,4175553,0.005698,0.001706,0.000313,0.0,0
2026-02-02 16:00:00,2026-02-02,6,META,Tech,sideways,,104.6956,105.5195,103.7834,104.2102,3238543,-0.004636,0.001706,0.000313,0.0,0
2026-02-02 16:00:00,2026-02-02,6,NFLX,Comm,sideways,,165.6975,166.524,163.1349,164.4631,1264362,-0.00745,0.001706,-0.000278,0.0,0
2026-02-02 16:00:00,2026-02-02,6,JPM,Financials,sideways,,88.6115,89.4019,85.29,89.3217,4028567,0.008015,0.001706,0.001296,0.0,0
2026-02-02 16:00:00,2026-02-02,6,V,Financials,sideways,,95.6168,96.5999,95.5659,95.6738,1689361,0.000596,0.001706,0.001296,0.0,0
2026-02-02 16:00:00,2026-02-02,6,BAC,Financials,sideways,,96.8169,98.2834,95.9891,97.1264,3249099,0.003197,0.001706,0.001296,0.0,0
2026-02-02 16:00:00,2026-02-02,6,PYPL,Financials,sideways,,116.3887,120.1316,116.2179,116.9965,3513917,0.005222,0.001706,0.001296,0.0,0
2026-02-02 16:00:00,2026-02-02,6,DIS,Comm,sideways,,45.9003,46.3698,45.5921,45.9973,2483072,0.002112,0.001706,-0.000278,0.0,0
2026-02-02 16:00:00,2026-02-02,6,T,Comm,sideways,,94.4249,95.9333,94.4047,94.9068,3160445,0.005104,0.001706,-0.000278,0.0,0
2026-02-02 16:00:00,2026-02-02,6,PFE,Healthcare,sideways,,66.3785,68.0076,66.2473,67.0842,3926150,0.010631,0.001706,-0.001306,0.0,0
2026-02-02 16:00:00,2026-02-02,6,COST,Consumer,sideways,,178.8669,179.4008,178.3074,179.1309,926280,0.001476,0.001706,-0.000829,0.0,0
2026-02-02 16:00:00,2026-02-02,6,INTC,Tech,sideways,,72.0307,73.0536,71.265,71.8335,424928,-0.002737,0.001706,0.000313,0.0,0
2026-02-02 16:00:00,2026-02-02,6,KO,Consumer,sideways,,147.2634,147.3606,147.062,147.3265,1911288,0.000428,0.001706,-0.000829,0.0,0
2026-02-02 16:00:00,2026-02-02,6,TGT,Consumer,sideways,,254.8761,263.843,252.4298,255.8025,1087954,0.003635,0.001706,-0.000829,0.0,0
2026-02-02 16:00:00,2026-02-02,6,NKE,Consumer,sideways,,91.9172,92.2896,91.6706,91.9289,4298686,0.000127,0.001706,-0.000829,0.0,0
2026-02-02 16:00:00,2026-02-02,6,SPY,Financials,sideways,,77.8926,78.5655,77.3476,78.0138,3726527,0.001556,0.001706,0.001296,0.0,0
2026-02-02 16:00:00,2026-02-02,6,BA,Industrials,sideways,,117.8012,118.2139,116.6069,117.5039,2078069,-0.002524,0.001706,9.6e-05,0.0,0
2026-02-02 16:00:00,2026-02-02,6,BABA,Consumer,sideways,,111.3835,112.2355,109.5505,111.8128,1352379,0.003854,0.001706,-0.000829,0.0,0
2026-02-02 16:00:00,2026-02-02,6,XOM,Energy,sideways,,65.4548,67.3597,65.399,65.7694,3466922,0.004807,0.001706,-0.001318,0.0,0
2026-02-02 16:00:00,2026-02-02,6,WMT,Consumer,sideways,,140.0181,142.8261,139.5465,141.2574,1999383,0.008851,0.001706,-0.000829,0.0,0
2026-02-02 16:00:00,2026-02-02,6,GE,Industrials,sideways,,330.1937,336.5723,328.0096,331.8972,797691,0.005159,0.001706,9.6e-05,0.0,0
2026-02-02 16:00:00,2026-02-02,6,CSCO,Tech,sideways,,95.0675,95.1931,94.7636,95.0909,3080238,0.000246,0.001706,0.000313,0.0,0
2026-02-02 16:00:00,2026-02-02,6,VZ,Comm,sideways,,96.6189,99.9576,91.6171,99.1535,5410491,0.026233,0.001706,-0.000278,0.018063,1
2026-02-02 16:00:00,2026-02-02,6,JNJ,Healthcare,sideways,,60.8053,61.0446,60.1011,61.0317,578967,0.003723,0.001706,-0.001306,0.0,0
2026-02-02 16:00:00,2026-02-02,6,CVX,Energy,sideways,,129.0516,129.782,127.9515,129.4296,3409095,0.002929,0.001706,-0.001318,0.0,0
2026-02-02 16:00:00,2026-02-02,6,PLTR,Tech,sideways,,55.7664,58.8068,55.675,56.1205,2843793,0.006351,0.001706,0.000313,0.0,0
2026-02-02 16:00:00,2026-02-02,6,SQ,Tech,sideways,,60.3175,61.9846,59.5234,59.6079,4247980,-0.011765,0.001706,0.000313,0.0,0
2026-02-02 16:00:00,2026-02-02,6,SHOP,Tech,sideways,,220.5465,224.7758,217.7291,222.3822,3579259,0.008323,0.001706,0.000313,0.0,0
2026-02-02 16:00:00,2026-02-02,6,SBUX,Consumer,sideways,,66.7354,66.9727,65.7497,66.9593,2880022,0.003354,0.001706,-0.000829,0.0,0
2026-02-02 16:00:00,2026-02-02,6,SOFI,Financials,sideways,,199.4014,203.8805,198.0104,201.1544,1950805,0.008791,0.001706,0.001296,0.0,0
2026-02-02 16:00:00,2026-02-02,6,HOOD,Financials,sideways,,252.6869,253.8204,251.0207,253.6501,1768161,0.003812,0.001706,0.001296,0.0,0
2026-02-02 16:00:00,2026-02-02,6,RBLX,Tech,sideways,,126.4314,127.1175,123.5747,126.7541,3137506,0.002552,0.001706,0.000313,0.0,0
2026-02-02 16:00:00,2026-02-02,6,SNAP,Comm,sideways,,147.1813,148.7766,144.62,148.3176,591732,0.00772,0.001706,-0.000278,0.0,0
2026-02-02 16:00:00,2026-02-02,6,AMD,Tech,sideways,,317.919,321.3618,316.5283,316.5664,1247071,-0.004255,0.001706,0.000313,0.0,0
2026-02-02 16:00:00,2026-02-02,6,UBER,Tech,sideways,,99.6006,101.6888,98.6585,99.9682,2376687,0.003691,0.001706,0.000313,0.0,0
2026-02-02 16:00:00,2026-02-02,6,FDX,Industrials,sideways,,79.3632,79.588,76.9852,78.2564,5028902,-0.013946,0.001706,9.6e-05,0.0,0
2026-02-02 16:00:00,2026-02-02,6,ABBV,Healthcare,sideways,,51.7548,52.1653,51.4917,51.671,2951844,-0.001619,0.001706,-0.001306,0.0,0
2026-02-02 16:00:00,2026-02-02,6,ETSY,Consumer,sideways,,109.2179,110.9476,108.3928,108.8566,3490535,-0.003308,0.001706,-0.000829,0.0,0
2026-02-02 16:00:00,2026-02-02,6,MRNA,Healthcare,sideways,,245.3957,248.1281,241.9831,244.6322,1021580,-0.003111,0.001706,-0.001306,0.0,0
2026-02-02 16:00:00,2026-02-02,6,LMT,Industrials,sideways,,184.6589,185.3378,184.5467,185.2602,1636708,0.003256,0.001706,9.6e-05,0.0,0
2026-02-02 16:00:00,2026-02-02,6,GM,Consumer,sideways,,65.3996,65.887,64.4098,65.2474,1476683,-0.002328,0.001706,-0.000829,0.0,0
2026-02-02 16:00:00,2026-02-02,6,F,Consumer,sideways,,67.7409,68.5876,66.1154,66.9708,3718018,-0.011368,0.001706,-0.000829,0.0,0
2026-02-02 16:00:00,2026-02-02,6,LCID,Consumer,sideways,,82.4751,83.4826,80.8071,81.7299,2683749,-0.009035,0.001706,-0.000829,0.0,0
2026-02-02 16:00:00,2026-02-02,6,CCL,Consumer,sideways,,128.2838,129.4129,126.9072,128.778,1055707,0.003853,0.001706,-0.000829,0.0,0
2026-02-02 16:00:00,2026-02-02,6,DAL,Industrials,sideways,,97.2355,98.9407,94.808,96.6994,3579319,-0.005514,0.001706,9.6e-05,0.0,0
2026-02-02 16:00:00,2026-02-02,6,UAL,Industrials,sideways,,122.4674,123.4055,120.7732,122.6054,3026646,0.001126,0.001706,9.6e-05,0.0,0
2026-02-02 16:00:00,2026-02-02,6,AAL,Industrials,sideways,,127.5743,130.7955,126.0494,127.2816,4234892,-0.002294,0.001706,9.6e-05,0.0,0
2026-02-02 16:00:00,2026-02-02,6,TSM,Tech,sideways,,96.3194,97.5727,95.8395,96.5801,2469176,0.002707,0.001706,0.000313,0.0,0
2026-02-02 16:00:00,2026-02-02,6,SONY,Tech,sideways,,106.7909,106.9891,105.9287,106.5343,874503,-0.002403,0.001706,0.000313,0.0,0
2026-02-02 16:00:00,2026-02-02,6,ET,Energy,sideways,,119.2114,126.641,119.1549,121.0423,4153015,0.015358,0.001706,-0.001318,0.0,0
2026-02-02 16:00:00,2026-02-02,6,MRO,Energy,sideways,,103.7124,104.6335,103.3539,104.4715,932801,0.007319,0.001706,-0.001318,0.0,0
2026-02-02 16:00:00,2026-02-02,6,COIN,Financials,sideways,,145.3824,145.6267,145.0471,145.0473,517534,-0.002305,0.001706,0.001296,0.0,0
2026-02-02 16:00:00,2026-02-02,6,RIVN,Consumer,sideways,,303.1743,304.7685,302.6644,304.7429,3632725,0.005174,0.001706,-0.000829,0.0,0
2026-02-02 16:00:00,2026-02-02,6,RIOT,Financials,sideways,,149.735,150.3252,149.6404,149.8089,2121311,0.000494,0.001706,0.001296,0.0,0
2026-02-02 16:00:00,2026-02-02,6,CPRX,Healthcare,sideways,,111.3538,112.2196,109.2424,111.5887,3322747,0.00211,0.001706,-0.001306,0.0,0
2026-02-02 16:00:00,2026-02-02,6,VWO,Financials,sideways,,44.3185,44.73,44.2976,44.4105,744522,0.002077,0.001706,0.001296,0.0,0
2026-02-02 16:00:00,2026-02-02,6,SPYG,Financials,sideways,,135.6387,135.8104,133.5,134.983,2889138,-0.004834,0.001706,0.001296,0.0,0
2026-02-02 16:00:00,2026-02-02,6,NOK,Tech,sideways,,36.6379,38.4076,36.0631,36.8523,1698414,0.005851,0.001706,0.000313,0.0,0
2026-02-02 16:00:00,2026-02-02,6,ROKU,Comm,sideways,,50.8842,51.4417,50.7233,50.9667,4177286,0.001622,0.001706,-0.000278,0.0,0
2026-02-02 16:00:00,2026-02-02,6,VIAC,Comm,sideways,,175.7381,176.7914,174.2183,176.1913,3059875,0.002579,0.001706,-0.000278,0.0,0
2026-02-02 16:00:00,2026-02-02,6,ATVI,Tech,sideways,,161.8368,164.3397,161.6041,162.4301,4494316,0.003666,0.001706,0.000313,0.0,0
2026-02-02 16:00:00,2026-02-02,6,BIDU,Comm,sideways,,102.3238,103.5521,100.5394,102.5898,3759656,0.0026,0.001706,-0.000278,0.0,0
2026-02-02 16:00:00,2026-02-02,6,DOCU,Tech,sideways,,42.8578,43.081,42.4644,43.0078,3503471,0.003499,0.001706,0.000313,0.0,0
2026-02-02 16:00:00,2026-02-02,6,ZM,Tech,sideways,,88.795,88.8825,88.2443,88.8131,612114,0.000203,0.001706,0.000313,0.0,0
2026-02-02 16:00:00,2026-02-02,6,PINS,Comm,sideways,,75.5679,75.8783,74.9716,75.8075,3350828,0.003171,0.001706,-0.000278,0.0,0
2026-02-02 16:00:00,2026-02-02,6,TLRY,Healthcare,sideways,,152.9713,154.3601,151.5816,152.0893,3047906,-0.005766,0.001706,-0.001306,0.0,0
2026-02-02 16:00:00,2026-02-02,6,WBA,Healthcare,sideways,,369.1719,386.6769,366.8804,372.2332,2055331,0.008292,0.001706,-0.001306,0.0,0
2026-02-02 16:00:00,2026-02-02,6,MGM,Consumer,sideways,,121.3799,123.3725,116.9396,120.2309,1527165,-0.009466,0.001706,-0.000829,0.0,0
2026-02-02 16:00:00,2026-02-02,6,NIO,Consumer,sideways,,69.9417,70.037,69.1104,69.5561,3273109,-0.005514,0.001706,-0.000829,0.0,0
2026-02-02 16:00:00,2026-02-02,6,C,Financials,sideways,,58.7049,59.3159,57.8388,59.1451,1234082,0.007498,0.001706,0.001296,0.0,0
2026-02-02 16:00:00,2026-02-02,6,GS,Financials,sideways,,106.0521,106.4509,104.796,106.2233,1046134,0.001614,0.001706,0.001296,0.0,0
2026-02-02 16:00:00,2026-02-02,6,WFC,Financials,sideways,,96.7401,97.1501,95.8715,96.6653,3626660,-0.000774,0.001706,0.001296,0.0,0
2026-02-02 16:00:00,2026-02-02,6,ADBE,Tech,sideways,,56.6492,56.8876,55.8844,56.7207,3094622,0.001263,0.001706,0.000313,0.0,0
2026-02-02 16:00:00,2026-02-02,6,PEP,Consumer,sideways,,115.9748,118.297,115.0166,116.6221,2694076,0.005581,0.001706,-0.000829,0.0,0
2026-02-02 16:00:00,2026-02-02,6,UNH,Healthcare,sideways,,58.0807,58.448,57.8144,58.0404,2936131,-0.000695,0.001706,-0.001306,0.0,0
2026-02-02 16:00:00,2026-02-02,6,CARR,Industrials,sideways,,194.4874,202.4913,190.0586,191.1342,2030628,-0.017242,0.001706,9.6e-05,0.0,0
2026-02-02 16:00:00,2026-02-02,6,HCA,Healthcare,sideways,,196.409,197.2796,193.2154,196.0488,2938931,-0.001834,0.001706,-0.001306,0.0,0
2026-02-02 16:00:00,2026-02-02,6,TWTR,Comm,sideways,,197.1325,200.0465,195.9795,196.5801,1287246,-0.002802,0.001706,-0.000278,0.0,0
2026-02-02 16:00:00,2026-02-02,6,BILI,Tech,sideways,,83.6903,83.8533,83.4964,83.8139,2031147,0.001478,0.001706,0.000313,0.0,0
2026-02-02 16:00:00,2026-02-02,6,SIRI,Comm,sideways,,142.2628,144.5284,141.6768,142.8769,772273,0.004316,0.001706,-0.000278,0.0,0
2026-02-02 16:00:00,2026-02-02,6,FUBO,Comm,sideways,,102.6242,102.9477,102.2727,102.8756,1852118,0.00245,0.001706,-0.000278,0.0,0
2026-02-02 16:00:00,2026-02-02,6,RKT,Financials,sideways,,88.3429,90.025,87.3605,88.7089,1586142,0.004143,0.001706,0.001296,0.0,0
2026-02-03 10:00:00,2026-02-03,0,AAPL,Tech,sideways,Jobs surprise,78.9474,79.8529,77.9685,79.3421,3597035,0.005,0.001576,-0.000186,0.0,0
2026-02-03 10:00:00,2026-02-03,0,TSLA,Consumer,sideways,Jobs surprise,265.1012,274.3112,260.4524,262.6665,967112,-0.009184,0.001576,-0.003601,0.0,0
2026-02-03 10:00:00,2026-02-03,0,AMZN,Consumer,sideways,Jobs surprise,143.5441,143.8772,143.346,143.5277,3240669,-0.000115,0.001576,-0.003601,0.0,0
2026-02-03 10:00:00,2026-02-03,0,MSFT,Tech,sideways,Jobs surprise,114.18,116.4359,114.1761,114.6705,584868,0.004296,0.001576,-0.000186,0.0,0
2026-02-03 10:00:00,2026-02-03,0,NVDA,Tech,sideways,Jobs surprise,92.6466,96.7183,91.9636,93.5071,3120042,0.009288,0.001576,-0.000186,0.0,0
2026-02-03 10:00:00,2026-02-03,0,GOOGL,Tech,sideways,Jobs surprise,59.0513,59.1941,58.1295,58.6091,3634713,-0.007488,0.001576,-0.000186,0.0,0
2026-02-03 10:00:00,2026-02-03,0,META,Tech,sideways,Jobs surprise,104.2102,105.7797,103.6991,104.7674,3149114,0.005347,0.001576,-0.000186,0.0,0
2026-02-03 10:00:00,2026-02-03,0,NFLX,Comm,sideways,Jobs surprise,164.4631,165.8454,153.5922,162.0767,1471045,-0.01451,0.001576,-0.00253,0.0,0
2026-02-03 10:00:00,2026-02-03,0,JPM,Financials,sideways,Jobs surprise,89.3217,89.759,89.2084,89.2205,3320621,-0.001133,0.001576,-0.002903,0.0,0
2026-02-03 10:00:00,2026-02-03,0,V,Financials,sideways,Jobs surprise,95.6738,96.3303,95.2284,95.8112,1585302,0.001437,0.001576,-0.002903,0.0,0
2026-02-03 10:00:00,2026-02-03,0,BAC,Financials,sideways,Jobs surprise,97.1264,97.885,96.2887,96.7191,3590504,-0.004193,0.001576,-0.002903,0.0,0
2026-02-03 10:00:00,2026-02-03,0,PYPL,Financials,sideways,Jobs surprise,116.9965,117.0786,116.4298,116.5372,4267399,-0.003925,0.001576,-0.002903,0.0,0
2026-02-03 10:00:00,2026-02-03,0,DIS,Comm,sideways,Jobs surprise,45.9973,46.2878,45.5499,46.1892,2542145,0.004173,0.001576,-0.00253,0.0,0
2026-02-03 10:00:00,2026-02-03,0,T,Comm,sideways,Jobs surprise,94.9068,95.0824,94.7094,94.9625,2843669,0.000587,0.001576,-0.00253,0.0,0
2026-02-03 10:00:00,2026-02-03,0,PFE,Healthcare,sideways,Jobs surprise,67.0842,67.2844,66.455,67.2045,3396408,0.001794,0.001576,0.001579,0.0,0
2026-02-03 10:00:00,2026-02-03,0,COST,Consumer,sideways,Jobs surprise,179.1309,180.5479,178.2029,178.5722,937231,-0.003119,0.001576,-0.003601,0.0,0
2026-02-03 10:00:00,2026-02-03,0,INTC,Tech,sideways,Jobs surprise,71.8335,72.8487,71.3781,72.6533,456922,0.011412,0.001576,-0.000186,0.0,0
2026-02-03 10:00:00,2026-02-03,0,KO,Consumer,sideways,Jobs surprise,147.3265,148.576,146.2686,148.1008,2058907,0.005256,0.001576,-0.003601,0.0,0
2026-02-03 10:00:00,2026-02-03,0,TGT,Consumer,sideways,Jobs surprise,255.8025,256.8152,252.7455,253.3291,1114979,-0.009669,0.001576,-0.003601,0.0,0
2026-02-03 10:00:00,2026-02-03,0,NKE,Consumer,sideways,Jobs surprise,91.9289,91.9698,91.7367,91.9313,3281754,2.6e-05,0.001576,-0.003601,0.0,0
2026-02-03 10:00:00,2026-02-03,0,SPY,Financials,sideways,Jobs surprise,78.0138,79.8685,77.8527,78.3078,4003638,0.003769,0.001576,-0.002903,0.0,0
2026-02-03 10:00:00,2026-02-03,0,BA,Industrials,sideways,Jobs surprise,117.5039,117.5494,113.1445,116.3823,1798658,-0.009545,0.001576,0.000684,0.0,0
2026-02-03 10:00:00,2026-02-03,0,BABA,Consumer,sideways,Jobs surprise,111.8128,112.1278,109.1376,111.7988,1528013,-0.000124,0.001576,-0.003601,0.0,0
2026-02-03 10:00:00,2026-02-03,0,XOM,Energy,sideways,Jobs surprise,65.7694,66.0612,65.3522,65.6655,3017838,-0.001581,0.001576,0.001515,0.0,0
2026-02-03 10:00:00,2026-02-03,0,WMT,Consumer,sideways,Jobs surprise,141.2574,142.8957,138.6105,139.5506,2230580,-0.012083,0.001576,-0.003601,0.0,0
2026-02-03 10:00:00,2026-02-03,0,GE,Industrials,sideways,Jobs surprise,331.8972,334.4999,330.9498,331.0801,607204,-0.002462,0.001576,0.000684,0.0,0
2026-02-03 10:00:00,2026-02-03,0,CSCO,Tech,sideways,Jobs surprise,95.0909,95.7885,94.7633,95.2007,3401079,0.001155,0.001576,-0.000186,0.0,0
2026-02-03 10:00:00,2026-02-03,0,VZ,Comm,sideways,Jobs surprise,99.1535,100.0892,92.9302,97.3744,3418821,-0.017943,0.001576,-0.00253,0.0,0
2026-02-03 10:00:00,2026-02-03,0,JNJ,Healthcare,sideways,Jobs surprise,61.0317,61.0878,60.8586,61.0594,501541,0.000454,0.001576,0.001579,0.0,0
2026-02-03 10:00:00,2026-02-03,0,CVX,Energy,sideways,Jobs surprise,129.4296,135.2128,126.0398,131.072,3551691,0.01269,0.001576,0.001515,0.0,0
2026-02-03 10:00:00,2026-02-03,0,PLTR,Tech,sideways,Jobs surprise,56.1205,56.3652,55.1111,56.0295,2409569,-0.001622,0.001576,-0.000186,0.0,0
2026-02-03 10:00:00,2026-02-03,0,SQ,Tech,sideways,Jobs surprise,59.6079,60.6202,59.0988,59.9511,3704501,0.005759,0.001576,-0.000186,0.0,0
2026-02-03 10:00:00,2026-02-03,0,SHOP,Tech,sideways,Jobs surprise,222.3822,224.8529,221.5136,223.3129,3285901,0.004186,0.001576,-0.000186,0.0,0
2026-02-03 10:00:00,2026-02-03,0,SBUX,Consumer,sideways,Jobs surprise,66.9593,67.3522,66.9005,67.1819,2655371,0.003325,0.001576,-0.003601,0.0,0
2026-02-03 10:00:00,2026-02-03,0,SOFI,Financials,sideways,Jobs surprise,201.1544,202.1685,198.5642,200.7425,1742081,-0.002048,0.001576,-0.002903,0.0,0
2026-02-03 10:00:00,2026-02-03,0,HOOD,Financials,sideways,Jobs surprise,253.6501,256.6065,249.2967,254.7456,1969083,0.004319,0.001576,-0.002903,0.0,0
2026-02-03 10:00:00,2026-02-03,0,RBLX,Tech,sideways,Jobs surprise,126.7541,131.7867,123.476,127.8833,3611359,0.008909,0.001576,-0.000186,0.0,0
2026-02-03 10:00:00,2026-02-03,0,SNAP,Comm,sideways,Jobs surprise,148.3176,151.8948,142.3534,150.4355,548158,0.01428,0.001576,-0.00253,0.0,0
2026-02-03 10:00:00,2026-02-03,0,AMD,Tech,sideways,Jobs surprise,316.5664,330.1349,312.6053,320.2021,1429859,0.011485,0.001576,-0.000186,0.0,0
2026-02-03 10:00:00,2026-02-03,0,UBER,Tech,sideways,Jobs surprise,99.9682,100.9457,99.5201,99.8427,2466060,-0.001256,0.001576,-0.000186,0.0,0
2026-02-03 10:00:00,2026-02-03,0,FDX,Industrials,sideways,Jobs surprise,78.2564,80.7971,77.5507,78.4058,4040778,0.001909,0.001576,0.000684,0.0,0
2026-02-03 10:00:00,2026-02-03,0,ABBV,Healthcare,sideways,Jobs surprise,51.671,51.8622,50.9639,51.5552,3485938,-0.002241,0.001576,0.001579,0.0,0
2026-02-03 10:00:00,2026-02-03,0,ETSY,Consumer,sideways,Jobs surprise,108.8566,109.0048,105.2714,107.5706,4359360,-0.011814,0.001576,-0.003601,0.0,0
2026-02-03 10:00:00,2026-02-03,0,MRNA,Healthcare,sideways,Jobs surprise,244.6322,247.3132,242.7599,243.1578,1168908,-0.006027,0.001576,0.001579,0.0,0
2026-02-03 10:00:00,2026-02-03,0,LMT,Industrials,sideways,Jobs surprise,185.2602,186.5989,183.8339,184.9205,1511011,-0.001834,0.001576,0.000684,0.0,0
2026-02-03 10:00:00,2026-02-03,0,GM,Consumer,sideways,Jobs surprise,65.2474,67.0903,64.6519,65.5743,1209869,0.00501,0.001576,-0.003601,0.0,0
2026-02-03 10:00:00,2026-02-03,0,F,Consumer,sideways,Jobs surprise,66.9708,67.5296,65.364,66.6896,3090739,-0.004199,0.001576,-0.003601,0.0,0
2026-02-03 10:00:00,2026-02-03,0,LCID,Consumer,sideways,Jobs surprise,81.7299,81.9246,81.0114,81.7797,2718764,0.000609,0.001576,-0.003601,0.0,0
2026-02-03 10:00:00,2026-02-03,0,CCL,Consumer,sideways,Jobs surprise,128.778,129.9528,126.8321,128.0958,1104652,-0.005298,0.001576,-0.003601,0.0,0
2026-02-03 10:00:00,2026-02-03,0,DAL,Industrials,sideways,Jobs surprise,96.6994,99.8645,95.0049,97.7747,3154939,0.01112,0.001576,0.000684,0.0,0
2026-02-03 10:00:00,2026-02-03,0,UAL,Industrials,sideways,Jobs surprise,122.6054,123.9135,121.625,122.5185,2645122,-0.000709,0.001576,0.000684,0.0,0
2026-02-03 10:00:00,2026-02-03,0,AAL,Industrials,sideways,Jobs surprise,127.2816,128.515,123.1056,124.8025,4746987,-0.019477,0.001576,0.000684,0.0,0
2026-02-03 10:00:00,2026-02-03,0,TSM,Tech,sideways,Jobs surprise,96.5801,98.1296,96.03,96.0405,2574835,-0.005587,0.001576,-0.000186,0.0,0
2026-02-03 10:00:00,2026-02-03,0,SONY,Tech,sideways,Jobs surprise,106.5343,107.4991,104.5939,105.878,758170,-0.006161,0.001576,-0.000186,0.0,0
2026-02-03 10:00:00,2026-02-03,0,ET,Energy,sideways,Jobs surprise,121.0423,122.8517,120.2689,121.8741,3881762,0.006872,0.001576,0.001515,0.0,0
2026-02-03 10:00:00,2026-02-03,0,MRO,Energy,sideways,Jobs surprise,104.4715,109.7673,103.3039,103.698,1151591,-0.007404,0.001576,0.001515,0.0,0
2026-02-03 10:00:00,2026-02-03,0,COIN,Financials,sideways,Jobs surprise,145.0473,148.1597,141.6567,145.4294,495776,0.002635,0.001576,-0.002903,0.0,0
2026-02-03 10:00:00,2026-02-03,0,RIVN,Consumer,sideways,Jobs surprise,304.7429,305.7943,302.0918,303.4973,3639721,-0.004087,0.001576,-0.003601,0.0,0
2026-02-03 10:00:00,2026-02-03,0,RIOT,Financials,sideways,Jobs surprise,149.8089,150.3344,149.5207,150.1532,2159332,0.002298,0.001576,-0.002903,0.0,0
2026-02-03 10:00:00,2026-02-03,0,CPRX,Healthcare,sideways,Jobs surprise,111.5887,116.0885,110.6515,112.0628,2746385,0.004249,0.001576,0.001579,0.0,0
2026-02-03 10:00:00,2026-02-03,0,VWO,Financials,sideways,Jobs surprise,44.4105,44.4748,44.1867,44.3569,738692,-0.001208,0.001576,-0.002903,0.0,0
2026-02-03 10:00:00,2026-02-03,0,SPYG,Financials,sideways,Jobs surprise,134.983,136.3235,133.2798,134.2798,3509832,-0.005209,0.001576,-0.002903,0.0,0
2026-02-03 10:00:00,2026-02-03,0,NOK,Tech,sideways,Jobs surprise,36.8523,37.6539,36.5928,37.1401,1741781,0.007808,0.001576,-0.000186,0.0,0
2026-02-03 10:00:00,2026-02-03,0,ROKU,Comm,sideways,Jobs surprise,50.9667,51.625,50.8621,51.2616,4947426,0.005787,0.001576,-0.00253,0.0,0
2026-02-03 10:00:00,2026-02-03,0,VIAC,Comm,sideways,Jobs surprise,176.1913,178.274,175.7967,176.5458,2955147,0.002012,0.001576,-0.00253,0.0,0
2026-02-03 10:00:00,2026-02-03,0,ATVI,Tech,sideways,Jobs surprise,162.4301,162.946,162.3502,162.7539,4319979,0.001994,0.001576,-0.000186,0.0,0
2026-02-03 10:00:00,2026-02-03,0,BIDU,Comm,sideways,Jobs surprise,102.5898,105.0056,100.201,101.3626,3821364,-0.011963,0.001576,-0.00253,0.0,0
2026-02-03 10:00:00,2026-02-03,0,DOCU,Tech,sideways,Jobs surprise,43.0078,43.3357,42.3216,43.2101,3810609,0.004705,0.001576,-0.000186,0.0,0
2026-02-03 10:00:00,2026-02-03,0,ZM,Tech,sideways,Jobs surprise,88.8131,89.6062,88.3452,88.8685,636503,0.000624,0.001576,-0.000186,0.0,0
2026-02-03 10:00:00,2026-02-03,0,PINS,Comm,sideways,Jobs surprise,75.8075,76.6549,75.3905,76.069,3950478,0.003449,0.001576,-0.00253,0.0,0
2026-02-03 10:00:00,2026-02-03,0,TLRY,Healthcare,sideways,Jobs surprise,152.0893,152.3214,148.5371,151.8512,2435512,-0.001565,0.001576,0.001579,0.0,0
2026-02-03 10:00:00,2026-02-03,0,WBA,Healthcare,sideways,Jobs surprise,372.2332,372.4147,364.257,371.697,1747202,-0.001441,0.001576,0.001579,0.0,0
2026-02-03 10:00:00,2026-02-03,0,MGM,Consumer,sideways,Jobs surprise,120.2309,124.2374,118.7218,121.5788,1423637,0.011211,0.001576,-0.003601,0.0,0
2026-02-03 10:00:00,2026-02-03,0,NIO,Consumer,sideways,Jobs surprise,69.5561,69.8319,69.1663,69.5196,2720790,-0.000525,0.001576,-0.003601,0.0,0
2026-02-03 10:00:00,2026-02-03,0,C,Financials,sideways,Jobs surprise,59.1451,60.382,56.4227,58.4335,1221053,-0.012031,0.001576,-0.002903,0.0,0
2026-02-03 10:00:00,2026-02-03,0,GS,Financials,sideways,Jobs surprise,106.2233,106.3724,105.2456,106.0341,915454,-0.001781,0.001576,-0.002903,0.0,0
2026-02-03 10:00:00,2026-02-03,0,WFC,Financials,sideways,Jobs surprise,96.6653,97.7437,96.6614,97.2968,3755151,0.006533,0.001576,-0.002903,0.0,0
2026-02-03 10:00:00,2026-02-03,0,ADBE,Tech,sideways,Jobs surprise,56.7207,56.772,56.2864,56.5744,2969640,-0.00258,0.001576,-0.000186,0.0,0
2026-02-03 10:00:00,2026-02-03,0,PEP,Consumer,sideways,Jobs surprise,116.6221,119.4583,115.4546,117.2975,3174160,0.005792,0.001576,-0.003601,0.0,0
2026-02-03 10:00:00,2026-02-03,0,UNH,Healthcare,sideways,Jobs surprise,58.0404,58.2106,57.9567,58.122,3775346,0.001406,0.001576,0.001579,0.0,0
2026-02-03 10:00:00,2026-02-03,0,CARR,Industrials,sideways,Jobs surprise,191.1342,192.9699,190.2335,191.1843,1390106,0.000262,0.001576,0.000684,0.0,0
2026-02-03 10:00:00,2026-02-03,0,HCA,Healthcare,sideways,Jobs surprise,196.0488,199.9727,194.118,198.2328,3156252,0.01114,0.001576,0.001579,0.0,0
2026-02-03 10:00:00,2026-02-03,0,TWTR,Comm,sideways,Jobs surprise,196.5801,201.7573,191.7564,198.3228,1214388,0.008865,0.001576,-0.00253,0.0,0
2026-02-03 10:00:00,2026-02-03,0,BILI,Tech,sideways,Jobs surprise,83.8139,84.5377,83.6369,84.1405,1968403,0.003896,0.001576,-0.000186,0.0,0
2026-02-03 10:00:00,2026-02-03,0,SIRI,Comm,sideways,Jobs surprise,142.8769,150.0277,140.9883,141.577,1048665,-0.009098,0.001576,-0.00253,0.0,0
2026-02-03 10:00:00,2026-02-03,0,FUBO,Comm,sideways,Jobs surprise,102.8756,103.5941,102.1699,102.7152,1631056,-0.00156,0.001576,-0.00253,0.0,0
2026-02-03 10:00:00,2026-02-03,0,RKT,Financials,sideways,Jobs surprise,88.7089,88.9902,87.7769,88.4981,1836901,-0.002376,0.001576,-0.002903,0.0,0
